# 사용자 175명, 관리자 5명

INSERT INTO USER(email, password, name, birth, gender, address, is_certificated, latitude, longitude, is_admin)
VALUES('kimchi_lover01@gmail.com', 'KdSjoByozW', '박지훈', '1997-06-22', 'MAN', '모름', FALSE, 0, 0, TRUE),
('haneul_star@naver.com', 'tmvKw9GnlTOeeu4f', '최수연', '2001-09-28', 'WOMAN', '서울시 중구 남대문로 16, 자스민아파트 106동 701호', TRUE, 37.560474, 126.9774822, FALSE),
('seoulwalker92@yahoo.com', 'TZrPWU27IUPzyC', '김민준', '1996-07-10', 'MAN', '서울시 광진구 자양로 38, 요를레히아파트 201동 202호', TRUE, 37.5315978, 127.0864819, FALSE),
('bibimbap123@outlook.com', 'Qb63XqQXx5ESrTfl0n8', '강하은', '2004-04-19', 'WOMAN', '모름', FALSE, 0, 0, TRUE),
('taekwondo_hero@daum.net', 'agHEeY7YAXBeDMLX', '황도윤', '1995-08-03', 'WOMAN', '서울시 강남구 도산대로49길, 르복오피스텔 610호', FALSE, 37.5242998, 127.03719825, FALSE),
('gimbapqueen88@hotmail.com', '8rtbLMV5vg', '조유진', '1994-04-28', 'WOMAN', '서울시 강남구 역삼로 166, 뉴이어아파트 202동 2402호', TRUE, 37.4949991, 127.037287, FALSE),
('hanbok_love@korea.com', 'WwRqeBmK', '김서아', '1989-09-01', 'WOMAN', '서울시 송파구 올림픽로 159, 위치히아파트 809동 407호', TRUE, 37.5119449, 127.0885174, FALSE),
('jejuexplorer77@naver.com', 'PomHVa94u8Ejl', '최준호', '1990-05-05', 'MAN', '서울시 서초구 서초대로 97길, 하나아파트 1102동 103호', TRUE, 37.51410555, 127.0178527, FALSE),
('bulgogi_master@ymail.com', 'usVOZi8a8Rngrp', '최예진', '1987-06-12', 'WOMAN', '모름', FALSE, 0, 0, TRUE),
('kpopfanatic21@gmail.com', '5f7W9Z8AlxdeQlu', '박태민', '1991-03-03', 'MAN', '서울시 광진구 능동로 57길, 옐로우오피스텔 501호', FALSE, 37.56836325, 127.08457355, FALSE),
('seoraksunshine@outlook.com', 'HWDGvEggmSFw6l', '이나연', '1992-02-07', 'WOMAN', '서울시 광진구 구의강변로 11, 오렌지아파트 502동 809호', TRUE, 37.5314438, 127.091001, FALSE),
('koreatraveler@daum.net', 'Qh51Sf6at', '김지우', '1993-01-13', 'WOMAN', '서울시 서초구 강남대로 359, 그린오피스텔 909호', FALSE, 37.4947834, 127.0285982, FALSE),
('busanbeach@naver.com', 'wpzdSwIwJ333GQCbnlJ', '황현우', '1988-11-19', 'MAN', '모름', FALSE, 0, 0, TRUE),
('incheon_pilot@yahoo.com', 'Rd3TFuxwU', '강서윤', '1987-12-28', 'WOMAN', '모름', FALSE, 0, 0, TRUE),
('koreanfoodie01@hotmail.com', 's8oiDIK2FobNp', '남하준', '1990-10-16', 'MAN', '서울시 강남구 강남대로 162길, 리코타아파트 901동 1102호', TRUE, 37.52092735, 127.0209291, FALSE),
('kimchikingdom@korea.com', 'sr4C3po55eQ', '홍유나', '1991-08-02', 'WOMAN', '서울시 송파구 백제고분로7길, 아베니아파트 609동 1005호', TRUE, 37.50974324, 127.08225665, FALSE),
('seoulmate22@gmail.com', 'OOSZIDwf6', '조세아', '1988-07-21', 'WOMAN', '서울시 송파구 송파대로 289, 리코타아파트 905동 105호', FALSE, 37.49607398, 127.11148418, FALSE),
('hanriver_runner@ymail.com', 'hDxMXNBrhS', '조준서', '1992-05-14', 'MAN', '서울시 강남구 테헤란로 87길, 오렌지아파트 806동 504호', TRUE, 37.5104872, 127.05823675, FALSE),
('gangnamstyle@outlook.com', '6wmlsGA6BSCv9FIr', '남예나', '1989-03-18', 'WOMAN', '서울시 강남구 도산대로 26길, 숲아파트 703동 7202호', FALSE, 37.51725475, 127.02811305, FALSE),
('jeonju_historian@daum.net', 'tAP8W1AsJXqqRu', '최태현', '1993-11-06', 'MAN', '서울시 서초구 반포대로 14길, 별아파트 305동 505호', FALSE, 37.48599375, 127.0133978, FALSE),
('koreanartist@naver.com', 'MDItzwVPo5Towq7DGoN', '박다인', '1992-06-17', 'WOMAN', '서울시 중구 을지로 280, 오렌지아파트 504동 301호', FALSE, 37.5654693, 127.0089474, FALSE),
('taegukgi_pride@yahoo.com', 'navQIfizLWeh9k3Hfi', '남지율', '1990-01-23', 'WOMAN', '서울시 중구 청계천로 14-4, 별오피스텔 1906호', FALSE, 37.5687923, 126.9788197, FALSE),
('gyeongbok_palace@gmail.com', 'xWwKqP7fo40gV', '곽현준', '1991-04-29', 'MAN', '서울시 강남구 언주로 97길, 산아파트 606동 305호', TRUE, 37.50469805, 127.03961595, FALSE),
('hallyu_star88@korea.com', 'ekAKCbcwm2S', '이서진', '1988-08-31', 'WOMAN', '서울시 서초구 서초대로 286, 평원아파트 210동 1803호', FALSE, 37.4930834, 127.0127569, FALSE),
('sokcho_seagull@hotmail.com', 'GZMZBEZF', '조하윤', '1993-07-27', 'WOMAN', '서울시 강남구 강남대로 44길, 나무오피스텔 511호', TRUE, 37.4860618, 127.03515745, FALSE),
('koreandrama_fan@naver.com', 'KoGFuLifwO86', '홍유리', '1989-10-10', 'WOMAN', '서울시 송파구 올림픽로 111, 별아파트 606동 1801호', TRUE, 37.5121478, 127.0830199, FALSE),
('samsungrider@outlook.com', 'Xd8rdvCPipK3Gw', '최세윤', '1992-03-15', 'WOMAN', '서울시 서초구 반포대로 222, 바다아파트 502동 1403호', TRUE, 37.5000792, 127.005247, FALSE),
('hwaseong_fortress@yahoo.com', 'xmi3byVwsUlNVD', '조준영', '1990-09-09', 'MAN', '서울시 강남구 논현로 145길, 산아파트 207동 101호', FALSE, 37.5168488, 127.02624185, FALSE),
('koreantea_lover@daum.net', '9mUND8JNoVzpixmkF', '강예린', '1991-02-11', 'WOMAN', '서울시 용산구 한강대로 366, 호수아파트 216동 1802호', FALSE, 37.5508614, 126.9727844, FALSE),
('itaewon_night@ymail.com', 'AZNxLjzXZ6iCR0zG', '이태영', '1988-12-05', 'MAN', '서울시 용산구 서빙고로 71길, 달아파트 303동 703호', FALSE, 37.52232925, 126.9955099, FALSE),
('jeju_orange@korea.com', 'YYWSOVvr', '박다연', '1982-02-16', 'WOMAN', '서울시 서초구 강남대로 99길, 꽃오피스텔 1407호', FALSE, 37.51489658, 127.01773302, FALSE),
('gyeongju_explo@gmail.com', '2AT5qCwqKFFZGql', '이지은', '1979-07-24', 'WOMAN', '서울시 강남구 도산대로 232, 비아파트 710동 1601호', TRUE, 37.5202882, 127.0322154, FALSE),
('bukchon_hanok@naver.com', 'vKu3OK499', '김현서', '1981-03-20', 'WOMAN', '서울시 강남구 논현로 88, 강오피스텔 402호', FALSE, 37.4778182, 127.0451456, FALSE),
('namdaemun_shopper@outlook.com', 'FfG5zwauOemSbT2pLBsh', '박서연', '1980-05-28', 'WOMAN', '서울시 서초구 서초대로 108, 바람오피스텔 814호', FALSE, 37.4875368, 126.9943012, FALSE),
('korean_cinema@yahoo.com', 'nqeN4CnpZPQ', '최하영', '1983-06-01', 'WOMAN', '서울시 강남구 역삼로 25길, 별오피스텔 307호', TRUE, 37.4979145, 127.03954995, FALSE),
('sejong_scho@hotmail.com', 'lM4AXIGP5HzxhL8iJdug', '홍유안', '1978-04-07', 'WOMAN', '서울시 중구 청계천로 24, 하늘오피스텔 1805호', TRUE, 37.568556, 126.9802011, FALSE),
('myeongdong@daum.net', 'Q8lXOYSjj4wI', '강세린', '1982-11-13', 'WOMAN', '서울시 중구 남대문로 18, 섬오피스텔 1209호', TRUE, 37.5607658, 126.9777443, FALSE),
('insadong_art@korea.com', 'YiLmWSdTCIjv', '황준우', '1979-10-17', 'MAN', '서울시 광진구 능동로 214, 나무아파트 807동 203호', FALSE, 37.5495886, 127.081578, FALSE),
('hangang_cruise@gmail.com', 'BmiY6MXaU6IqsD5kie', '최예원', '1981-08-22', 'WOMAN', '서울시 강남구 테헤란로 4길, 태양아파트 504동 703호', TRUE, 37.4966672, 127.03018295, FALSE),
('namsan_tower@ymail.com', 'IpEJIlfG65zntZ2qvZi', '남태윤', '1980-09-29', 'MAN', '서울시 송파구 올림픽로 240, 섬오피스텔 814호', FALSE, 37.5112862, 127.0979392, FALSE),
('korean_cuisine@naver.com', 'KlJeVngi', '이다율', '1983-01-02', 'WOMAN', '서울시 중구 을지로 146, 별아파트 510동 1905호', FALSE, 37.566269, 126.9940951, FALSE),
('jindo_dog_lover@outlook.com', 'WduoRw86j7XVxnSpL0Xe', '홍지아', '1978-12-09', 'WOMAN', '서울시 광진구 능동로 36, 정원아파트 405동 1403호', FALSE, 37.55439735, 127.0840605, FALSE),
('yongpyong_ski@yahoo.com', '7CL4MgciE6IaqgnTfE3', '이현지', '1982-10-14', 'WOMAN', '서울시 강남구 강남대로 160, 바람오피스텔 1311호', TRUE, 37.4790437,127.03921422, FALSE),
('jeonju_bibi@daum.net', 'CkAWgMBu972rKntRWSO', '최서우', '1979-05-19', 'WOMAN', '서울시 강남구 논현로152길, 산오피스텔 207호', FALSE, 37.5212558, 127.029886, FALSE),
('koreanlangua@hotmail.com', 'NGMMcWUfoQlVroC', '권하율', '1981-07-25', 'MAN', '서울시 광진구 능동로 151, 나무오피스텔 1811호', FALSE, 37.5443467, 127.0723911, FALSE),
('seoultech_geek@korea.com', 'OSI8kjAyhUvoFk', '남유진', '1980-06-30', 'WOMAN', '서울시 광진구 구의강변로 102, 하늘아파트 302동 1501호', TRUE, 37.539418, 127.0946115, FALSE),
('busan_film_fan@gmail.com', '28nvvq2sy12TA', '조세원', '1983-03-05', 'WOMAN', '서울시 송파구 올림픽로 212, 동굴오피스텔 1501호', TRUE, 37.51110343, 127.09391949, FALSE),
('ulsan_whale@ymail.com', 'PaUibFBNcCjVD5', '곽준희', '1978-01-11', 'WOMAN', '서울시 광진구 자양로 42, 바다아파트 503동 1003호', FALSE, 37.5320063, 127.0861091, FALSE),
('daejeon_scien@naver.com', 'PC022MokQK', '강예은', '1982-04-15', 'WOMAN', '서울시 서초구 반포대로 58, 구름오피스텔 1205호', FALSE, 37.4857137, 127.0115669, FALSE),
('gwangju_freem@outlook.com', 'F0UHdZ7yoCE', '이태진', '1979-08-21', 'MAN', '서울시 강남구 도산대로 57갈, 동굴아파트 701동 1701호', FALSE, 37.52466515, 127.04138075, FALSE),
('gwanghwamune@daum.net', 'NpVMJQL5', '남다현', '1974-01-18', 'WOMAN', '서울시 송파구 올림픽로 33길, 별아파트 604동 1902호', FALSE, 37.521042, 127.10855965, FALSE),
('hanok_villge@korea.com', 'qiaArc8EC3LP8KRH7', '최지영', '1971-02-23', 'WOMAN', '서울시 송파구 백제고분로 101, 숲아파트 109동 703호', TRUE, 37.5077183, 127.0796056, FALSE),
('kimchifestivaler@gmail.com', 'agDCsi9T', '이현수', '1973-11-27', 'MAN', '서울시 용산구 서빙고로 51길, 구름오피스텔 1205호', TRUE, 37.5218269, 126.9911697, FALSE),
('koreanfolre@ymail.com', 'J8DLf2OImqbF', '박서현', '1972-12-31', 'WOMAN', '서울시 용산구 이태원로 42길, 구름오피스텔 1905호', TRUE, 37.5366275, 127.0007298, FALSE),
('sejong_citylorer@naver.com', 'UDrc8u3l', '최하진', '1975-09-03', 'MAN', '서울시 서초구 강남대로 97길, 평원아파트 213동 401호', FALSE, 37.51410555, 127.0178527, FALSE),
('koreanpopc@outlook.com', 'YzZHEmKDKUkY4PlegM2A', '홍유주', '1970-10-08', 'WOMAN', '서울시 서초구 반포대로 66, 정원오피스텔 809호', FALSE, 37.4864282, 127.0106698, FALSE),
('busanharbor@yahoo.com', 'HgHH3TXvVMlttfj9', '박세진', '1974-07-12', 'MAN', '서울시 서초구 강남대로 597, 평원아파트 406동 1901호', FALSE, 37.5150817, 127.0192326, FALSE),
('hanbokfash@hotmail.com', 'EQJGzHgGY6TZaHulc', '최준수', '1971-06-17', 'MAN', '서울시 중구 청계천로 86, 태양아파트 609동 1805호', FALSE, 37.5673769, 126.9865762, FALSE),
('andong_mask@daum.net', 'w0ABFzcS', '조예지', '1973-05-22', 'WOMAN', '서울시 중구 남대문로 24-1, 평원오피스텔 812호', TRUE, 37.5608611, 126.9784919, FALSE),
('koreanhist@korea.com', 'dwf9aA5j', '이태수', '1972-04-26', 'MAN', '서울시 용산구 이태원로 5, 강오피스텔 1613호', TRUE, 37.5354344, 126.974952, FALSE),
('jeonju_ji@gmail.com', 'zlwfK2EmGMlQmE', '최다영', '1975-03-31', 'WOMAN', '서울시 용산구 한강대로 58, 사막아파트 506동 602호', TRUE, 37.5257794, 126.9650376, FALSE),
('seoulway_el@ymail.com', 'xNErF02GFCDw0', '박지현', '1970-08-04', 'WOMAN', '서울시 강남구 테헤란로 18길, 동굴오피스텔 1813호', FALSE, 37.499463, 127.0394676, FALSE),
('norebang_king@naver.com', 'dhb1puASQlSMUo', '배현민', '1974-06-09', 'MAN', '서울특별시 송파구 송파대로47길, 호수아파트 809동 402호', FALSE, 37.507208, 127.10347285, FALSE),
('koreangarden@outlook.com', 'yGgEI3M1jelDNsC', '이서준', '1971-10-13', 'MAN', '서울시 중구 을지로 213, 섬아파트 810동 1705호', FALSE, 37.5671089, 127.0018116, FALSE),
('cheonggyecheon@yahoo.com', 'cNS4wCrXAph07Sv8UDG', '강하민', '1973-09-17', 'MAN', '서울시 광진구 구의강변로 7길, 구름오피스텔 1304호', FALSE, 37.5383342, 127.0931608, FALSE),
('koreanliterature@hotmail.com', 'UkED6gV6hyCb44', '최유선', '1972-02-20', 'WOMAN', '서울시 광진구 자양로 253, 바다아파트 305동 1805호', FALSE, 37.5491049, 127.0894397, FALSE),
('gongju_fortress@daum.net', 'umwXPSVJUicCG', '홍세민', '1975-01-25', 'MAN', '서울시 강남구 논현로18길, 호수아파트 308동 203호', FALSE, 37.47741474, 127.04650621, FALSE),
('korean_calli@korea.com', '9C8zQ1tbWCtxdznzatbG', '홍준혁', '1970-11-29', 'MAN', '서울시 강남구 강남대로120길, 별오피스텔 701호', TRUE, 37.5075921, 127.02693795, FALSE),
('bukhansan_hiker@gmail.com', 'dGiVyKTc7uGwsSkZ9tC1', '박예슬', '1974-08-03', 'WOMAN', '서울시 중구 을지로 12길, 구름아파트 309동 1603호', TRUE, 37.5654614, 126.99098345, FALSE),
('festivals_fun@ymail.com', 'qeoweFHC', '김태호', '1971-07-07', 'MAN', '서울시 중구 청계천로 130, 구름오피스텔 1910호', TRUE, 37.56807527, 126.99192757, FALSE),
('ulleungdo_adventur@naver.com', 'FmvaWw9SU', '박다정', '1964-03-29', 'WOMAN', '서울시 서초구 서초대로 29길, 강오피스텔 1611호', TRUE, 37.48919925, 126.9954823, FALSE),
('koreantraditional@outlook.com', 'bNG6paRb4', '남지민', '1959-04-02', 'MAN', '서울시 용산구 서빙고로 137, 바람아파트 808동 503호', FALSE, 37.5230368, 126.982235, FALSE),
('gyeongju_biking@yahoo.com', 'gxOtUmPNRK3srHeVGM5l', '김현율', '1960-10-06', 'MAN', '서울시 용산구 이태원로 134, 강아파트 807동 602호', FALSE, 37.5339066, 126.988832, FALSE),
('dmz_peacewalk@hotmail.com', '4TjmIgxeawApmJmT', '박서혜', '1957-11-10', 'WOMAN', '서울시 강남구 봉은사로 29길, 달오피스텔 1402호', FALSE, 37.5093184, 127.03430495, FALSE),
('jeju_volcano@daum.net', 'QrnXOki3TG6UfH', '황하람', '1961-09-13', 'MAN', '서울특별시 강남구 봉은사로18길, 사막오피스텔 511호', FALSE, 37.50335235, 127.02906765, FALSE),
('seoraksan_climb@korea.com', 'a3vtyJJR4iS0kBw', '조유솔', '1958-08-16', 'WOMAN', '서울시 용산구 이태원로 267, 사막아파트 510동 602호', FALSE, 37.5384336, 127.0013658, FALSE),
('monarch_history@gmail.com', 'OIiSzqPPXSo11Irj', '최세하', '1964-07-20', 'WOMAN', '서울시 용산구 한강대로 316, 태양아파트 205동 1005호', FALSE, 37.5465378, 126.972159, FALSE),
('andong_sojubrew@ymail.com', 'zFrye88U', '양준명', '1959-06-24', 'MAN', '서울시 송파구 송파대로28길, 평원오피스텔 1314호', FALSE, 37.49461455, 127.1204357, FALSE),
('koreantemple_stay@naver.com', 'EEr5anI0tcbYZImeDmfn', '배예랑', '1960-05-28', 'MAN', '서울시 송파구 올림픽로 74, 달아파트 704동 1902호', FALSE, 37.5113028, 127.0787687, FALSE),
('pyeongchang_winter@outlook.com', '19Owju0HhI3No', '박태린', '1957-04-30', 'WOMAN', '서울시 광진구 자양로 21길, 나무아파트 406동 102호', FALSE, 37.53941895, 127.08180505, FALSE),
('koreanbbq_con@yahoo.com', '3Ea91nVVujnEKbldPY', '홍다솔', '1961-01-02', 'WOMAN', '서울시 광진구 능동로 90, 숲오피스텔 814호', FALSE, 37.5387882, 127.0711369, FALSE),
('seoulfashionk@hotmail.com', 'zVdGpQAk3Yw7', '김지선', '1958-02-06', 'WOMAN', '서울시 서초구 강남대로 214, 강오피스텔 1611호', FALSE, 37.4832716, 127.0359115, FALSE),
('yeosu_sunset@daum.net', 'ofaBDTC1dN6pWu2yg', '송현진', '1964-12-10', 'WOMAN', '서울시 서초구 반포대로 235, 숲아파트 308동 1803호', FALSE, 37.5006349, 127.003303, FALSE),
('koreanginseng@korea.com', 'B4QpQwpUJ5taH6lZZC', '최서란', '1959-03-14', 'WOMAN', '서울시 광진구 구의강변로 31, 구름오피스텔 710호', FALSE, 37.5336789, 127.0913232, FALSE),
('mudfest_enthusi@gmail.com', 'mO4CPU6SAw', '강하늘', '1960-11-17', 'MAN', '서울시 송파구 백제고분로7길, 정원오피스텔 909호', TRUE, 37.50974324, 127.08225665, FALSE),
('korean_wedding@ymail.com', 'R0ALnm4OdhdJCzv', '박유하', '1957-10-20', 'MAN', '서울시 송파구 송파대로 111, 사막오피스텔 1109호', TRUE, 37.4806043, 127.1236664, FALSE),
('jeolla_cuisine@naver.com', 'UV026P6yk7gDevqjBI1', '곽세란', '1961-08-24', 'WOMAN', '서울시 서초구 서초대로 125, 나무오피스텔 702호', FALSE, 37.488616, 126.9958803, FALSE),
('koreandance_tro@outlook.com', 'FkfmX08PWeWmhO3RXCI', '홍준범', '1958-07-27', 'MAN', '서울시 광진구 구의강변로 45, 별아파트 108동 1303호', FALSE, 37.5349817, 127.0912558, FALSE),
('busanfilm_fest@yahoo.com', 'xNWmOXUliX', '설예빈', '1964-06-30', 'WOMAN', '서울시 광진구 자양로 312, 정원아파트 505동 1505호', FALSE, 37.5531048, 127.0934198, FALSE),
('hanriver_ferry@hotmail.com', 'lJtCOSFm6hEnH19', '강태원', '1959-05-03', 'MAN', '서울시 중구 청계천로 200, 강아파트 310동 2003호', FALSE, 37.5689641, 126.9997797, FALSE),
('jeju_tang@daum.net', 'tQQXfTyU', '이다윤', '1960-04-07', 'WOMAN', '서울시 중구 남대문로 117, 바다아파트 408동 1501호', FALSE, 37.5677651, 126.9823112, FALSE),
('gyeongju_bread@korea.com', 'sLm6DWf8zW3aL', '강지환', '1957-03-11', 'MAN', '서울시 강남구 역삼로 165길, 정원아파트 506동 1405호', FALSE, 37.495484, 127.0371373, FALSE),
('koreanbbq_party@gmail.com', 'b2hWvs58WFERro', '황현태', '1961-02-13', 'MAN', '서울시 중구 남대문로 56, 정원아파트 206동 801호', FALSE, 37.562274, 126.9819243, FALSE),
('seoul_metroplan@ymail.com', 'Ca3l2HX5mUuJ5', '김서린', '1958-01-17', 'WOMAN', '서울시 중구 을지로 79, 구름아파트 310동 1601호', FALSE, 37.5665015, 126.9865612, FALSE),
('andong_hahoe@naver.com', 'txmoFdoo6kzLVzD', '박하연', '1964-12-21', 'WOMAN', '서울시 용산구 이태원로 54길, 바람오피스텔 1811호', FALSE, 37.536622, 127.00143735, FALSE),
('koreanarchery_pro@outlook.com', 'Y4MR9M2qH', '조유비', '1954-10-25', 'WOMAN', '서울시 강남구 압구정로18길, 숲아파트 708동 2105호', FALSE, 37.5237665, 127.0245598, FALSE),
('gyeongbok_palace@yahoo.com', 'jWwYAWj7E2vI6DsdLOM', '김세영', '1951-09-28', 'WOMAN', '서울시 용산구 한강대로 187, 레미안아파트 803동 705호', FALSE, 37.5354648, 126.9733016, FALSE),
('koreanblossom_fan@hotmail.com', 'OGUuRCoxGHF7F', '강준재', '1953-08-31', 'MAN', '서울시 용산구 서빙고로 245, 나무오피스텔 1711호', FALSE, 37.5204872, 126.991076, FALSE),
('seoraksan_sun@daum.net', 'OR41vD08I', '황예솜', '1952-07-03', 'WOMAN', '서울시 송파구 백제고분로9길, 강아파트 310동 503호', FALSE, 37.5096074, 127.082329, FALSE),
('koreantraditional@korea.com', 'z0Lg4W8Fnts', '최태훈', '1955-06-06', 'MAN', '서울시 송파구 송파대로 49길, 강아파트 606동 2403호', FALSE, 37.5068598, 127.1007999, FALSE),
('1h538@yahoo.co.kr', 'qW91C7HwajOknR', '김말숙', '1956-10-01', 'WOMAN', '서울시 강남구 봉은사로18길, 정원아파트 206동 801호', FALSE, 37.50335235, 127.02906765, FALSE),
('pji2lbt6ei@gmail.com', 'vurscl6mTOUL*nfmOJ2', '박순자', '1956-07-04', 'WOMAN', '서울시 강남구 압구정로18길, 사막아파트 510동 602호', FALSE, 37.5237665, 127.0245598, FALSE),
('a291bd@naver.com', 'L0l4D5!H8QS', '이영순', '1960-01-01', 'WOMAN', '서울시 강남구 논현로18길, 정원오피스텔 909호', FALSE, 37.47741474, 127.04650621, FALSE),
('w5to8udck@gmail.com', '55@TN72nHs90BEv0Eyna', '최복순', '1953-12-15', 'WOMAN', '서울시 서초구 서초대로 286, 나무아파트 406동 102호', FALSE, 37.4930834, 127.0127569, FALSE),
('4q4cl12@gmail.com', 'U!JJqR72*ZSHMCW', '정길순', '1955-04-01', 'WOMAN', '서울시 서초구 강남대로 97길, 달오피스텔 1402호', FALSE, 37.51410555, 127.0178527, FALSE),
('sly0r5ag@gmail.com', 'N@FObyNQqCnK@BKxMGPO', '유명자', '1960-06-12', 'WOMAN', '서울시 서초구 반포대로 66, 태양아파트 609동 1805호', FALSE, 37.4864282, 127.0106698, FALSE),
('la1dm4k8r@daum.net', '7BIsv3*0@1', '강봉순', '1961-03-20', 'WOMAN', '서울시 서초구 서초대로 125, 평원오피스텔 1314호', FALSE, 37.488616, 126.9958803, FALSE),
('czpq1@yahoo.co.kr', 'nOL@RKgl2!RoIGEMd', '조덕숙', '1959-01-11', 'WOMAN', '서울시 서초구 강남대로 214, 요를레히아파트 201동 202호', FALSE, 37.4832716, 127.0359115, FALSE),
('dhdbm@daum.net', 'bVHHSbUx', '황귀자', '1960-07-01', 'WOMAN', '서울시 서초구 반포대로 235, 정원오피스텔 909호', FALSE, 37.5006349, 127.003303, FALSE),
('k5vgs@gmail.com', 'rnzrmASzSRzW*acjksui', '김옥분', '1954-04-15', 'WOMAN', '서울시 광진구 자양로 312, 바람아파트 808동 503호', FALSE, 37.5531048, 127.0934198, FALSE),
('p95k1vegy@yahoo.co.kr', '6f!lBHZkbDe1E7', '박종자', '1957-01-27', 'MAN', '서울시 광진구 능동로 57길, 구름아파트 310동 1601호', FALSE, 37.56836325, 127.08457355, FALSE),
('iwt0m@gmail.com', 'nZyYU3GlD2Q', '이기순', '1961-04-11', 'WOMAN', '서울시 광진구 구의강변로 11, 정원아파트 206동 801호', FALSE, 37.5314438, 127.091001, FALSE),
('r46bn@gmail.com', 'gv2cRlx8tVsHnT3*4h', '최봉덕', '1961-11-11', 'MAN', '서울시 용산구 이태원로 267, 강아파트 310동 503호', FALSE, 37.5384336, 127.0013658, FALSE),
('pqswcd@daum.net', 'GR6MT57e1', '정순이', '1962-12-22', 'WOMAN', '서울시 용산구 한강대로 316, 호수아파트 809동 402호', FALSE, 37.5465378, 126.972159, FALSE),
('llf4a@korea.com', 'hm93JOlEq5a4Z!ENZ9*v', '유순애', '1958-11-10', 'WOMAN', '서울시 용산구 서빙고로 51길, 사막아파트 510동 602호', FALSE, 37.5218269, 126.9911697, FALSE),
('ezxyt2qw9@gmail.com', '7FX40ScvuZ8rTnecZw', '강순옥', '1956-04-12', 'WOMAN', '서울시 광진구 자양로 312, 나무아파트 406동 102호', FALSE, 37.5531048, 127.0934198, FALSE),
('bw6yvp@yahoo.co.kr', '0XKP1CJNuUGNi', '조명길', '1958-07-02', 'MAN', '서울시 광진구 능동로 57길, 태양아파트 609동 1805호', FALSE, 37.56836325, 127.08457355, FALSE),
('vs77ews2p@gmail.com', 'B6aESvJD42ncEyF', '황순자', '1960-05-10', 'WOMAN', '서울시 광진구 구의강변로 11, 정원오피스텔 909호', FALSE, 37.5314438, 127.091001, FALSE),
('jm5xn@gmail.com', 'BM@vi6aO6LG@iiYl', '김순임', '1953-02-10', 'WOMAN', '서울시 광진구 자양로 38, 숲아파트 708동 2105호', FALSE, 37.5315978, 127.0864819, FALSE),
('ii6f2@daum.net', 'KwoeIMGrPYRMM7P', '박영숙', '1955-08-19', 'WOMAN', '서울시 중구 남대문로 117, 구름아파트 310동 1601호', FALSE, 37.5677651, 126.9823112, FALSE),
('4ae4g0kj@korea.com', 'xlTEyPdPxCPWlx', '이영자', '1946-02-24', 'WOMAN', '서울시 중구 을지로 146, 르복오피스텔 610호', 0, 37.566269, 126.9940951, FALSE),
('opampug7@daum.net', '3lLWROqJyo', '최옥자', '1950-04-21', 'WOMAN', '서울시 중구 청계천로 24, 달아파트 704동 1902호', 0, 37.568556, 126.9802011, FALSE),
('jzvfy4rr@gmail.com', '2tzzM!Q9*zV', '정옥순', '1945-04-17', 'WOMAN', '서울시 중구 남대문로 18, 섬오피스텔 814호', 0, 37.5607658, 126.9777443, FALSE),
('hvwqw@naver.com', '3clMurQ3sTIU*QZDa1c', '유봉남', '1948-08-05', 'MAN', '서울시 용산구 한강대로 366, 구름아파트 310동 1601호', 0, 37.5508614, 126.9727844, FALSE),
('5xuspxsw@yahoo.co.kr', '6E6VL2CCO', '강옥남', '1948-09-12', 'MAN', '서울시 서초구 서초대로 286, 아베니아파트 609동 1005호', 0, 37.4930834, 127.0127569, FALSE),
('fpghw71n@korea.com', '*5@NpLA@Z73TWu', '조순화', '1952-05-22', 'WOMAN', '서울시 서초구 강남대로 359, 요를레히아파트 201동 202호', 0, 37.4947834, 127.0285982, FALSE),
('14i6zmqw@daum.net', 'Iwc2uO*cYqAN', '황영희', '1950-08-22', 'WOMAN', '서울시 서초구 반포대로 14길, 평원오피스텔 1314호', 0, 37.48599375, 127.0133978, FALSE),
('x57vm16w@yahoo.co.kr', '5fKxolSumJmAMGIa', '김영자', '1948-07-28', 'WOMAN', '서울시 서초구 서초대로 97길, 강아파트 310동 503호', 0, 37.51410555, 127.0178527, FALSE),
('xv903sm@daum.net', 'H9MWUDZA5a7uVxqrtF', '박순희', '1944-03-15', 'WOMAN', '서울시 용산구 이태원로 42길, 르복오피스텔 610호', 0, 37.5366275, 127.0007298, FALSE),
('wl0daqkm@yahoo.co.kr', '6RtthfOPhF5GsH', '이길순', '1951-07-14', 'WOMAN', '서울시 용산구 한강대로 366, 나무아파트 406동 102호', 0, 37.5508614, 126.9727844, FALSE),
('aveppk@korea.com', 'tYgmlxY3', '최순례', '1949-12-27', 'WOMAN', '서울시 중구 을지로 79, 사막아파트 510동 602호', 0, 37.5665015, 126.9865612, FALSE),
('82bpova@korea.com', 'WOAs55YqZUXoO8Q', '정옥자', '1952-07-17', 'WOMAN', '서울시 중구 청계천로 200, 바람아파트 808동 503호', 0, 37.5689641, 126.9997797, FALSE),
('hgiqm@yahoo.co.kr', 'j2Ztkyrc2hTj', '유순자', '1946-06-18', 'WOMAN', '서울시 강남구 논현로 88, 정원오피스텔 909호', 0, 37.4778182, 127.0451456, FALSE),
('elh0f5xl@korea.com', '@zYBmIXl', '강길자', '1950-11-13', 'WOMAN', '서울시 강남구 테헤란로 87길, 정원아파트 206동 801호', 0, 37.5104872, 127.05823675, FALSE),
('bstcw5@gmail.com', '2psJFCnpHl', '조순이', '1947-05-07', 'WOMAN', '서울시 강남구 언주로 97길, 호수아파트 809동 402호', 0, 37.50469805, 127.03961595, FALSE),
('0c06vnj0c@daum.net', 'BfbsKM*oiXYT', '황복순', '1943-07-13', 'WOMAN', '서울시 강남구 역삼로 25길, 평원오피스텔 812호', 0, 37.4979145, 127.03954995, FALSE),
('g5qaf00z@daum.net', 'sgn2hVEOdm', '김봉숙', '1944-12-06', 'WOMAN', '서울시 강남구 테헤란로 4길, 아베니아파트 609동 1005호', 0, 37.4966672, 127.03018295, FALSE),
('wbehv3@gmail.com', 'oU!8!DlK2Zh', '박옥분', '1951-12-16', 'WOMAN', '서울시 강남구 테헤란로 18길, 바람아파트 808동 503호', 0, 37.499463, 127.0394676, FALSE),
('0f9j67ex@gmail.com', '@dIAAaY', '이순재', '1950-10-24', 'MAN', '서울시 송파구 백제고분로9길, 숲아파트 708동 2105호', 0, 37.5096074, 127.082329, FALSE),
('83239t6i@gmail.com', 'w@qCBFmGcsuTeFsJbD', '최명길', '1950-01-14', 'MAN', '서울시 강남구 강남대로 160, 섬오피스텔 814호', 0, 37.4790437, 127.03921422, FALSE),
('52qmmi@naver.com', 'IcY*dW66fSdV', '정순애', '1951-10-12', 'WOMAN', '서울시 강남구 도산대로 57갈, 바다아파트 305동 1805호', 0, 37.52466515, 127.04138075, FALSE),
('qdnryl@korea.com', 'FMVuIq!YmhOYjyfhT', '유봉자', '1953-08-07', 'WOMAN', '서울시 강남구 봉은사로 29길, 태양아파트 609동 1805호', 0, 37.5093184, 127.03430495, FALSE),
('q7mgmos@yahoo.co.kr', '0@xbL9O1Yd', '강순례', '1943-12-06', 'WOMAN', '서울시 송파구 올림픽로 212, 강아파트 310동 503호', 0, 37.51110343, 127.09391949, FALSE),
('8ibiokm0@korea.com', 'pvUlIp2RwKuB0v', '조영자', '1951-08-07', 'WOMAN', '서울시 송파구 송파대로47길, 요를레히아파트 201동 202호', 0, 37.507208, 127.10347285, FALSE),
('n9269kh@naver.com', '8QxbcqdS', '황옥분', '1945-11-23', 'WOMAN', '서울시 강남구 논현로18길, 평원오피스텔 1314호', 0, 37.47741474, 127.04650621, FALSE),
('rwjcey0unp@naver.com', 'ah9C4f8Kr590M', '김순례', '1949-07-24', 'WOMAN', '서울시 강남구 역삼로 166, 나무아파트 406동 102호', 0, 37.4949991, 127.037287, FALSE),
('5uq2dnn@korea.com', 'd2BzRcQt', '박길자', '1951-09-14', 'WOMAN', '서울시 서초구 서초대로 125, 르복오피스텔 610호', 0, 37.488616, 126.9958803, FALSE),
('q98whv@gmail.com', 'PzimTWko', '이순덕', '1948-08-09', 'WOMAN', '서울시 서초구 강남대로 214, 정원오피스텔 909호', 0, 37.4832716, 127.0359115, FALSE),
('df8ns7cmr9@gmail.com', 'keBQNqyz1YUGoK*', '최복남', '1944-09-05', 'MAN', '서울시 광진구 구의강변로 102, 구름아파트 310동 1601호', 0, 37.539418, 127.0946115, FALSE),
('8mnseyij4i@naver.com', 'z!hn6!*qGt', '정순례', '1945-03-07', 'WOMAN', '서울시 강남구 테헤란로 4길, 숲아파트 708동 2105호', 0, 37.4966672, 127.03018295, FALSE),
('9089afjlno@gmail.com', '2vGi3pAY6DPNuMVA9az', '유명숙', '1939-05-04', 'WOMAN', '서울시 강남구 테헤란로 18길, 달오피스텔 1402호', 0, 37.499463, 127.0394676, FALSE),
('a0bcg@yahoo.co.kr', 'U8v0blkGZZaPs9q', '강영숙', '1942-05-12', 'WOMAN', '서울시 강남구 봉은사로18길, 동굴오피스텔 1501호', 0, 37.50335235, 127.02906765, FALSE),
('ctga8@yahoo.co.kr', '85BaMiKvoDY', '조순덕', '1940-07-27', 'WOMAN', '서울시 강남구 압구정로18길, 바다아파트 305동 1805호', 0, 37.5237665, 127.0245598, FALSE),
('gbbhrhk@daum.net', 'k!sVF5@oZRK', '황길자', '1936-04-23', 'WOMAN', '서울시 광진구 자양로 38, 섬오피스텔 814호', 0, 37.5315978, 127.0864819, FALSE),
('2n5ds@daum.net', '48HpL87H', '김영숙', '1934-09-11', 'WOMAN', '서울시 광진구 능동로 151, 평원오피스텔 812호', 0, 37.5443467, 127.0723911, FALSE),
('05i3l@korea.com', 'IOPmkxpwfGJ6rm32', '박순옥', '1936-06-18', 'WOMAN', '서울시 송파구 송파대로 289, 아베니아파트 609동 1005호', 0, 37.49607398, 127.11148418, FALSE),
('6ei53kprm@naver.com', '3wpWli1OVJR0AE4UOTzM', '이복순', '1933-01-28', 'WOMAN', '서울시 송파구 올림픽로 240, 호수아파트 809동 402호', 0, 37.5112862, 127.0979392, FALSE),
('n2ph4og@daum.net', 'GPnV*sYskQ5', '최영희', '1938-08-11', 'WOMAN', '서울시 강남구 테헤란로 87길, 바람아파트 808동 503호', 0, 37.5104872, 127.05823675, FALSE),
('mfy2hwt@gmail.com', 'tjBBxA6*gnRcV6', '정명복', '1939-01-23', 'MAN', '서울시 강남구 언주로 97길, 동굴오피스텔 1501호', 0, 37.50469805, 127.03961595, FALSE),
('dmhv9mqz@korea.com', '78n5ze81c8', '유옥자', '1943-10-05', 'WOMAN', '서울시 강남구 테헤란로 4길, 숲아파트 708동 2105호', 0, 37.4966672, 127.03018295, FALSE),
('6zu9m@daum.net', 'Qe42vsz0', '강순덕', '1935-12-08', 'WOMAN', '서울시 송파구 송파대로 111, 강아파트 310동 503호', 0, 37.4806043, 127.1236664, FALSE),
('9g2gr5@gmail.com', '9FHFSgiExYn', '조봉숙', '1936-10-14', 'WOMAN', '서울시 송파구 송파대로 74, 달오피스텔 1402호', 0, 37.5068598, 127.1007999, FALSE),
('gdmzpt4@yahoo.co.kr', 'GJtd0kGINmo', '황명숙', '1941-10-28', 'WOMAN', '서울시 송파구 올림픽로 111, 바다아파트 305동 1805호', 0, 37.5121478, 127.0830199, FALSE),
('p11rdkjm@naver.com', 'hb3OpZMZ9E@VvIUAvPY', '김순화', '1942-04-26', 'WOMAN', '서울시 강남구 언주로 97길, 르복오피스텔 610호', 0, 37.50469805, 127.03961595, FALSE),
('nrgigqa@yahoo.co.kr', 'yt5g5nhCrE', '박영희', '1941-10-15', 'WOMAN', '서울시 서초구 반포대로 66, 사막아파트 510동 602호', 0, 37.4864282, 127.0106698, FALSE),
('asvd3xu8@gmail.com', 'od9BiTgHfXgsMByR', '이영숙', '1942-11-05', 'WOMAN', '서울시 강남구 역삼로 166, 요를레히아파트 201동 202호', 0, 37.4949991, 127.037287, FALSE),
('xe2b88g45@yahoo.co.kr', 'dNf2i9uMD', '최순희', '1936-03-17', 'WOMAN', '서울시 강남구 테헤란로 87길, 숲아파트 708동 2105호', 0, 37.5104872, 127.05823675, FALSE),
('wqhmg@naver.com', 'SajwJKTQ!FDc6qn1', '정순옥', '1934-04-03', 'WOMAN', '서울시 강남구 언주로 97길, 르복오피스텔 610호', 0, 37.50469805, 127.03961595, FALSE),
('yjitc@naver.com', 'cqq1RizuUwt8', '유순례', '1941-04-07', 'WOMAN', '서울시 강남구 역삼로 25길, 섬오피스텔 814호', 0, 37.4979145, 127.03954995, FALSE),
('b7kxy0g@daum.net', '41PJ4Em!l', '강순자', '1935-12-10', 'WOMAN', '서울시 송파구 송파대로28길, 평원오피스텔 812호', 0, 37.49461455, 127.1204357, FALSE),
('ir1yxo@yahoo.co.kr', 'KXbDgRqAV8lG', '박순덕', '1942-06-04', 'WOMAN', '서울시 송파구 올림픽로 74, 달오피스텔 1402호', 0, 37.5113028, 127.0787687, FALSE),
('9ksf8gos@korea.com', 'AVZWaUGqSJWAxoo*xsW', '이봉순', '1942-11-20', 'WOMAN', '서울시 송파구 백제고분로7길, 아베니아파트 609동 1005호', 0, 37.50974324, 127.08225665, FALSE),
('yrq0yiyy@naver.com', 'Pbg7MG0ONBgXhbH0', '최영민', '1939-02-24', 'MAN', '서울시 중구 을지로 146, 정원아파트 206동 801호', 0, 37.566269, 126.9940951, FALSE),
('9dm8wic@gmail.com', 'Q9fU3qKil8', '정만숙', '1935-05-11', 'WOMAN', '서울시 중구 청계천로 24, 구름아파트 310동 1601호', 0, 37.568556, 126.9802011, FALSE),
('vzxej@daum.net', 'M4gm1nO!nr', '유복순', '1941-10-15', 'WOMAN', '서울시 중구 남대문로 18, 숲아파트 708동 2105호', 0, 37.5607658, 126.9777443, FALSE),
('ywzou@gmail.com', '6MABDESuHJ', '강영순', '1940-11-02', 'WOMAN', '서울시 송파구 송파대로 49길, 바람아파트 808동 503호', 0, 37.5068598, 127.1007999, FALSE),
('q38e8h@korea.com', 'P2A4n!OnV1', '조길숙', '1937-03-18', 'WOMAN', '서울시 송파구 올림픽로 159, 르복오피스텔 610호', 0, 37.5119449, 127.0885174, FALSE),
('isy84j6s@yahoo.co.kr', 'lUvO69M2', '황덕남', '1943-04-04', 'MAN', '서울시 강남구 테헤란로 4길, 달아파트 704동 1902호', 0, 37.4966672, 127.03018295, FALSE),
('5lvlrc@naver.com', '1TlQnVvJ', '김길자', '1936-04-18', 'WOMAN', '서울시 강남구 테헤란로 18길, 요를레히아파트 201동 202호', 0, 37.499463, 127.0394676, FALSE),
('3xgthj@naver.com', 'F5Qxk5Ko3', '박영길', '1935-01-22', 'MAN', '서울시 광진구 구의강변로 11, 달오피스텔 1402호', 0, 37.5314438, 127.091001, FALSE);

# 가족계정
# 5, 77번은 가족
INSERT INTO ASSOCIATION (user_id) VALUES(5);
UPDATE USER SET association_id = 1, is_affiliated = true WHERE user_id = 5;
UPDATE USER SET association_id = 1, is_affiliated = true WHERE user_id = 77;
# 44, 92번은 가족
INSERT INTO ASSOCIATION (user_id) VALUES(44);
UPDATE USER SET association_id = 2, is_affiliated = true WHERE user_id = 44;
UPDATE USER SET association_id = 2, is_affiliated = true WHERE user_id = 92;
# 10, 93번은 가족
INSERT INTO ASSOCIATION (user_id) VALUES(10);
UPDATE USER SET association_id = 3, is_affiliated = true WHERE user_id = 10;
UPDATE USER SET association_id = 3, is_affiliated = true WHERE user_id = 93;
# 59, 94번은 가족
INSERT INTO ASSOCIATION (user_id) VALUES(59);
UPDATE USER SET association_id = 4, is_affiliated = true WHERE user_id = 59;
UPDATE USER SET association_id = 4, is_affiliated = true WHERE user_id = 94;
# 62, 95번은 가족
INSERT INTO ASSOCIATION (user_id) VALUES(62);
UPDATE USER SET association_id = 5, is_affiliated = true WHERE user_id = 62;
UPDATE USER SET association_id = 5, is_affiliated = true WHERE user_id = 95;
# 56, 96번은 가족
INSERT INTO ASSOCIATION (user_id) VALUES(56);
UPDATE USER SET association_id = 6, is_affiliated = true WHERE user_id = 56;
UPDATE USER SET association_id = 6, is_affiliated = true WHERE user_id = 96;
# 65, 97번은 가족
INSERT INTO ASSOCIATION (user_id) VALUES(65);
UPDATE USER SET association_id = 7, is_affiliated = true WHERE user_id = 65;
UPDATE USER SET association_id = 7, is_affiliated = true WHERE user_id = 97;
# 48, 98번은 가족
INSERT INTO ASSOCIATION (user_id) VALUES(48);
UPDATE USER SET association_id = 8, is_affiliated = true WHERE user_id = 48;
UPDATE USER SET association_id = 8, is_affiliated = true WHERE user_id = 98;
# 64, 99번은 가족
INSERT INTO ASSOCIATION (user_id) VALUES(64);
UPDATE USER SET association_id = 9, is_affiliated = true WHERE user_id = 64;
UPDATE USER SET association_id = 9, is_affiliated = true WHERE user_id = 99;
# 43, 100번은 가족
INSERT INTO ASSOCIATION (user_id) VALUES(43);
UPDATE USER SET association_id = 10, is_affiliated = true WHERE user_id = 43;
UPDATE USER SET association_id = 10, is_affiliated = true WHERE user_id = 100;
# 19, 139
INSERT INTO ASSOCIATION (user_id) VALUES(19);
UPDATE USER SET association_id = 11, is_affiliated = true WHERE user_id = 19;
UPDATE USER SET association_id = 11, is_affiliated = true WHERE user_id = 139;

# 20, 143
INSERT INTO ASSOCIATION (user_id) VALUES(20);
UPDATE USER SET association_id = 12, is_affiliated = true WHERE user_id = 20;
UPDATE USER SET association_id = 12, is_affiliated = true WHERE user_id = 143;

# 21, 144
INSERT INTO ASSOCIATION (user_id) VALUES(21);
UPDATE USER SET association_id = 13, is_affiliated = true WHERE user_id = 21;
UPDATE USER SET association_id = 13, is_affiliated = true WHERE user_id = 144;

# 22, 156
INSERT INTO ASSOCIATION (user_id) VALUES(22);
UPDATE USER SET association_id = 14, is_affiliated = true WHERE user_id = 22;
UPDATE USER SET association_id = 14, is_affiliated = true WHERE user_id = 156;

# 23, 157
INSERT INTO ASSOCIATION (user_id) VALUES(23);
UPDATE USER SET association_id = 15, is_affiliated = true WHERE user_id = 23;
UPDATE USER SET association_id = 15, is_affiliated = true WHERE user_id = 157;

# 31, 170
INSERT INTO ASSOCIATION (user_id) VALUES(31);
UPDATE USER SET association_id = 16, is_affiliated = true WHERE user_id = 31;
UPDATE USER SET association_id = 16, is_affiliated = true WHERE user_id = 170;

# 32, 171
INSERT INTO ASSOCIATION (user_id) VALUES(32);
UPDATE USER SET association_id = 17, is_affiliated = true WHERE user_id = 32;
UPDATE USER SET association_id = 17, is_affiliated = true WHERE user_id = 171;

# 33, 149
INSERT INTO ASSOCIATION (user_id) VALUES(33);
UPDATE USER SET association_id = 18, is_affiliated = true WHERE user_id = 33;
UPDATE USER SET association_id = 18, is_affiliated = true WHERE user_id = 149;

# 34, 154
INSERT INTO ASSOCIATION (user_id) VALUES(34);
UPDATE USER SET association_id = 19, is_affiliated = true WHERE user_id = 34;
UPDATE USER SET association_id = 19, is_affiliated = true WHERE user_id = 154;

# 35, 155
INSERT INTO ASSOCIATION (user_id) VALUES(35);
UPDATE USER SET association_id = 20, is_affiliated = true WHERE user_id = 35;
UPDATE USER SET association_id = 20, is_affiliated = true WHERE user_id = 155;

# 36, 180
INSERT INTO ASSOCIATION (user_id) VALUES(36);
UPDATE USER SET association_id = 21, is_affiliated = true WHERE user_id = 36;
UPDATE USER SET association_id = 21, is_affiliated = true WHERE user_id = 180;

# 37, 162
INSERT INTO ASSOCIATION (user_id) VALUES(37);
UPDATE USER SET association_id = 22, is_affiliated = true WHERE user_id = 37;
UPDATE USER SET association_id = 22, is_affiliated = true WHERE user_id = 162;

# 38, 163
INSERT INTO ASSOCIATION (user_id) VALUES(38);
UPDATE USER SET association_id = 23, is_affiliated = true WHERE user_id = 38;
UPDATE USER SET association_id = 23, is_affiliated = true WHERE user_id = 163;

# 39, 172
INSERT INTO ASSOCIATION (user_id) VALUES(39);
UPDATE USER SET association_id = 24, is_affiliated = true WHERE user_id = 39;
UPDATE USER SET association_id = 24, is_affiliated = true WHERE user_id = 172;

# 40, 176
INSERT INTO ASSOCIATION (user_id) VALUES(40);
UPDATE USER SET association_id = 25, is_affiliated = true WHERE user_id = 40;
UPDATE USER SET association_id = 25, is_affiliated = true WHERE user_id = 176;

# 41, 177
INSERT INTO ASSOCIATION (user_id) VALUES(41);
UPDATE USER SET association_id = 26, is_affiliated = true WHERE user_id = 41;
UPDATE USER SET association_id = 26, is_affiliated = true WHERE user_id = 177;

# 42, 119
INSERT INTO ASSOCIATION (user_id) VALUES(42);
UPDATE USER SET association_id = 27, is_affiliated = true WHERE user_id = 42;
UPDATE USER SET association_id = 27, is_affiliated = true WHERE user_id = 119;

# 45, 120
INSERT INTO ASSOCIATION (user_id) VALUES(45);
UPDATE USER SET association_id = 28, is_affiliated = true WHERE user_id = 45;
UPDATE USER SET association_id = 28, is_affiliated = true WHERE user_id = 120;

# 46, 133
INSERT INTO ASSOCIATION (user_id) VALUES(46);
UPDATE USER SET association_id = 29, is_affiliated = true WHERE user_id = 46;
UPDATE USER SET association_id = 29, is_affiliated = true WHERE user_id = 133;

# 47, 134
INSERT INTO ASSOCIATION (user_id) VALUES(47);
UPDATE USER SET association_id = 30, is_affiliated = true WHERE user_id = 47;
UPDATE USER SET association_id = 30, is_affiliated = true WHERE user_id = 134;

# 49, 135
INSERT INTO ASSOCIATION (user_id) VALUES(49);
UPDATE USER SET association_id = 31, is_affiliated = true WHERE user_id = 49;
UPDATE USER SET association_id = 31, is_affiliated = true WHERE user_id = 135;

# 50, 136
INSERT INTO ASSOCIATION (user_id) VALUES(50);
UPDATE USER SET association_id = 32, is_affiliated = true WHERE user_id = 50;
UPDATE USER SET association_id = 32, is_affiliated = true WHERE user_id = 136;

# 51, 137
INSERT INTO ASSOCIATION (user_id) VALUES(51);
UPDATE USER SET association_id = 33, is_affiliated = true WHERE user_id = 51;
UPDATE USER SET association_id = 33, is_affiliated = true WHERE user_id = 137;

# 52, 138
INSERT INTO ASSOCIATION (user_id) VALUES(52);
UPDATE USER SET association_id = 34, is_affiliated = true WHERE user_id = 52;
UPDATE USER SET association_id = 34, is_affiliated = true WHERE user_id = 138;

# 53, 141
INSERT INTO ASSOCIATION (user_id) VALUES(35);
UPDATE USER SET association_id = 35, is_affiliated = true WHERE user_id = 53;
UPDATE USER SET association_id = 35, is_affiliated = true WHERE user_id = 141;

# 54, 142
INSERT INTO ASSOCIATION (user_id) VALUES(54);
UPDATE USER SET association_id = 36, is_affiliated = true WHERE user_id = 54;
UPDATE USER SET association_id = 36, is_affiliated = true WHERE user_id = 142;

# 55, 145
INSERT INTO ASSOCIATION (user_id) VALUES(55);
UPDATE USER SET association_id = 37, is_affiliated = true WHERE user_id = 55;
UPDATE USER SET association_id = 37, is_affiliated = true WHERE user_id = 145;

# 57, 146
INSERT INTO ASSOCIATION (user_id) VALUES(57);
UPDATE USER SET association_id = 38, is_affiliated = true WHERE user_id = 57;
UPDATE USER SET association_id = 38, is_affiliated = true WHERE user_id = 146;

# 58, 150
INSERT INTO ASSOCIATION (user_id) VALUES(58);
UPDATE USER SET association_id = 39, is_affiliated = true WHERE user_id = 58;
UPDATE USER SET association_id = 39, is_affiliated = true WHERE user_id = 150;

# 15, 151
INSERT INTO ASSOCIATION (user_id) VALUES(15);
UPDATE USER SET association_id = 40, is_affiliated = true WHERE user_id = 15;
UPDATE USER SET association_id = 40, is_affiliated = true WHERE user_id = 151;

# 16, 152
INSERT INTO ASSOCIATION (user_id) VALUES(16);
UPDATE USER SET association_id = 41, is_affiliated = true WHERE user_id = 16;
UPDATE USER SET association_id = 41, is_affiliated = true WHERE user_id = 152;

# 17, 153
INSERT INTO ASSOCIATION (user_id) VALUES(17);
UPDATE USER SET association_id = 42, is_affiliated = true WHERE user_id = 17;
UPDATE USER SET association_id = 42, is_affiliated = true WHERE user_id = 153;

# 18, 158
INSERT INTO ASSOCIATION (user_id) VALUES(18);
UPDATE USER SET association_id = 43, is_affiliated = true WHERE user_id = 18;
UPDATE USER SET association_id = 43, is_affiliated = true WHERE user_id = 158;

# 63, 159
INSERT INTO ASSOCIATION (user_id) VALUES(63);
UPDATE USER SET association_id = 44, is_affiliated = true WHERE user_id = 63;
UPDATE USER SET association_id = 44, is_affiliated = true WHERE user_id = 159;

# 66, 160
INSERT INTO ASSOCIATION (user_id) VALUES(66);
UPDATE USER SET association_id = 45, is_affiliated = true WHERE user_id = 66;
UPDATE USER SET association_id = 45, is_affiliated = true WHERE user_id = 160;

# 67, 166
INSERT INTO ASSOCIATION (user_id) VALUES(67);
UPDATE USER SET association_id = 46, is_affiliated = true WHERE user_id = 67;
UPDATE USER SET association_id = 46, is_affiliated = true WHERE user_id = 166;

# 68, 167
INSERT INTO ASSOCIATION (user_id) VALUES(68);
UPDATE USER SET association_id = 47, is_affiliated = true WHERE user_id = 68;
UPDATE USER SET association_id = 47, is_affiliated = true WHERE user_id = 167;

# 69, 168
INSERT INTO ASSOCIATION (user_id) VALUES(69);
UPDATE USER SET association_id = 48, is_affiliated = true WHERE user_id = 69;
UPDATE USER SET association_id = 48, is_affiliated = true WHERE user_id = 168;

# 70, 169
INSERT INTO ASSOCIATION (user_id) VALUES(49);
UPDATE USER SET association_id = 49, is_affiliated = true WHERE user_id = 70;
UPDATE USER SET association_id = 49, is_affiliated = true WHERE user_id = 169;

# 71, 178
INSERT INTO ASSOCIATION (user_id) VALUES(71);
UPDATE USER SET association_id = 50, is_affiliated = true WHERE user_id = 71;
UPDATE USER SET association_id = 50, is_affiliated = true WHERE user_id = 178;

# 24, 179
INSERT INTO ASSOCIATION (user_id) VALUES(24);
UPDATE USER SET association_id = 51, is_affiliated = true WHERE user_id = 24;
UPDATE USER SET association_id = 51, is_affiliated = true WHERE user_id = 179;

# 74, 125
INSERT INTO ASSOCIATION (user_id) VALUES(74);
UPDATE USER SET association_id = 52, is_affiliated = true WHERE user_id = 74;
UPDATE USER SET association_id = 52, is_affiliated = true WHERE user_id = 125;

# 25, 126
INSERT INTO ASSOCIATION (user_id) VALUES(25);
UPDATE USER SET association_id = 53, is_affiliated = true WHERE user_id = 25;
UPDATE USER SET association_id = 53, is_affiliated = true WHERE user_id = 126;

# 26, 127
INSERT INTO ASSOCIATION (user_id) VALUES(26);
UPDATE USER SET association_id = 54, is_affiliated = true WHERE user_id = 26;
UPDATE USER SET association_id = 54, is_affiliated = true WHERE user_id = 127;

# 27, 128
INSERT INTO ASSOCIATION (user_id) VALUES(27);
UPDATE USER SET association_id = 55, is_affiliated = true WHERE user_id = 27;
UPDATE USER SET association_id = 55, is_affiliated = true WHERE user_id = 128;

# 28, 164
INSERT INTO ASSOCIATION (user_id) VALUES(28);
UPDATE USER SET association_id = 56, is_affiliated = true WHERE user_id = 28;
UPDATE USER SET association_id = 56, is_affiliated = true WHERE user_id = 164;

# 78, 165
INSERT INTO ASSOCIATION (user_id) VALUES(78);
UPDATE USER SET association_id = 57, is_affiliated = true WHERE user_id = 78;
UPDATE USER SET association_id = 57, is_affiliated = true WHERE user_id = 165;

# 79, 124
INSERT INTO ASSOCIATION (user_id) VALUES(79);
UPDATE USER SET association_id = 58, is_affiliated = true WHERE user_id = 79;
UPDATE USER SET association_id = 58, is_affiliated = true WHERE user_id = 124;

# 29, 129
INSERT INTO ASSOCIATION (user_id) VALUES(29);
UPDATE USER SET association_id = 59, is_affiliated = true WHERE user_id = 29;
UPDATE USER SET association_id = 59, is_affiliated = true WHERE user_id = 129;

# 30, 130
INSERT INTO ASSOCIATION (user_id) VALUES(30);
UPDATE USER SET association_id = 60, is_affiliated = true WHERE user_id = 30;
UPDATE USER SET association_id = 60, is_affiliated = true WHERE user_id = 130;


# 카테고리 설정 insert

# 견습(APPRENTICE)-초보(NOVICE)-숙련(ADVANCED)-프로(PROFESSIONAL)-전설(LEGEND)
INSERT INTO GRADE (name, salary)
VALUES('APPRENTICE', 10000), ('NOVICE', 11000), ('ADVANCED', 12000), ('PROFESSIONAL', 13000), ('LEGEND', 14000);

# 주 카테고리
INSERT INTO MAJOR_CATEGORY(name)
VALUES('동네 동행'), ('멀리 동행'), ('집안일'), ('배달'), ('목욕'), ('반려동물'), ('교육'), ('기타');

# 하위 카테고리
INSERT INTO SUB_CATEGORY(major_category_id, name)
VALUES
    (1, '행복복지센터 가기'), (1, '밥먹기'), (1, '장보기'), (1, '동네 병원 가기'), (1, '은행 가기'),
    (2, '근교 맛집 가기'), (2, '대학 병원 가기'), (2, '먼 목적지까지 운전하기'), (2, '공항까지 데려다주기'), (2, '잠시 휴양하러 가기'),
    (3, '집안 청소하기'), (3, '빨래/세탁하기'), (3, '설거지하기'), (3, '가구 옮기기'), (3, '전등 교체하기'),
    (4, '음식 배달하기'), (4, '생활용품 배달하기'), (4, '우편물 배달하기'), (4, '세탁물 배달하기'), (4, '일반 의약품 배달하기'),
    (5, '같이 목욕탕 가기'), (5, '집에서 목욕하기'), (5, '세족하기'), (5, '안마하기'), (5, '손톱/발톱 관리하기'),
    (6, '반려견 산책시키기'), (6, '동물 병원 다녀오기'), (6, '반려 동물 씻기기'), (6, '반려 동물 미용하기'), (6, '반려 동물 사료 챙겨주기'),
    (7, '한글 가르치기'), (7, '영어 가르치기'), (7, '전자기기 사용법 가르치기'), (7, '악기 가르치기'), (7, '게임 가르치기'),
    (8, '티켓 예매하기'), (8, '택배 부치기'), (8, '인터넷 업무하기'), (8, '미용하기'), (8, '같이 운동하기'), (8, '상관없음')
;

# 2번 사용자는 헬퍼
INSERT INTO ZIPSA (zipsa_id, grade_id, description, account, prefer_tag)
VALUES(2, 1, '내 부모님, 조부모님이다 생각하고 친절하게 도움드리겠습니다!', '110220345678', '우리동네 운전왕#자차 보유'),
 (3, 1, '아이돌 덕질 n년차. 임영웅, 나훈아 가수들 티켓팅 믿고 맡겨주세요!', '110264855678', '티켓팅#원하시는 자리로 티켓팅 해드려요'),
 (6, 1, '친절하게 최선을 다하겠습니다.', '110252567778', '친절왕#애견인'),
 (7, 2, '행복한 마음으로 어르신을 대하겠습니다.', '556820555678', '해피바이러스#든든한 동행자'),
 (8, 3, '사람이 좋아서 시작한일, 최선을 다해 도움을 드리고자 노력하겠습니다.', '110220349998', '무엇이든 맡겨만 주세요#만능해결사'),
 (11, 1, '믿고 맡겨주세요, 열심히 하겠습니다!', '122586895678', '소통왕#동네 지리를 잘알아요'),
 (15, 1, '내 부모처럼 정성껏 모시겠습니다.', '110660645678', '배려왕#어르신과 대화하는 것 좋아합니다'),
 (16, 4, '친절하고도 신속한 서비스를 약속드립니다', '110220349995', '배달왕#스피드는 생명'),
 (18, 4, '빠른 소통을 통해 믿을 수 있는 서비스를 제공하고자 노력하겠습니다.', '110333545678', '소통왕#모든 원하시는 것 해결해드려요'),
 (23, 1, '내 식구처럼 함께하겠습니다.', '110229655678', '함께하기#장거리 운전 가능#자차 보유'),
 (25, 1, '친절하고 세심하게 함께하겠습니다.', '110888544448', '애견인#동네 산책코스를 섭렵하고 있습니다'),
 (26, 1, '신속하게 서비스를 제공하겠습니다.', '110220341235', '빠른 배달#자차 보유#장거리 운전 가능'),
 (27, 3, '빠르게 소통하며 신뢰감을 드리는 서비스로 선택에 보답하겠습니다.', '110227789678', '소통왕#사람과 대화하는것 좋아해요'),
 (32, 1, '요양보호사로 근무 중입니다. 어르신의 마음을 보살피며 함께하겠습니다.', '110228854678', '목욕 도와드릴 수 있습니다'),
 (35, 1, '열심히 하겠습니다.', '110226585678', '운전가능#자차 보유'),
 (36, 1, '어르신의 반려동물을 세심하게 케어해드리겠습니다', '110220388587', '15년차애견인#어르신 간단한 셀프미용도 가능해요'),
 (37, 5, '산책다니는 걸 좋아합니다. 동네 어르신과 산책 친구가 되고 싶어요.', '110885645678', '산책 코스 다 알고있어요#걸으면서 대화하는걸 즐겨요'),
 (39, 4, '교육계에 종사했었습니다. 친절하고 딱 필요한 핵심만 알려드릴 자신 있습니다', '110255685678', '키오스크 사용법 알려드려요#온라인 장보기 쉽게 알려드려요'),
 (43, 1, '간단한 어르신 미용을 집에서 받으실 수 있도록 도와드립니다', '110220363378', '미용자격증보유자#어르신 머리 빠르게 다듬어 드려요'),
 (46, 1, '시부모님 모시고 살던 경험으로 내 시부모님처럼 친절히 함께하겠습니다.', '118885345678', '병원에 동행해드려요#보호자가 필요한 일이라면 뭐든지 가능합니다'),
 (47, 1, '어린이집을 오랫동안 운영해왔습니다. 스마트폰, 키오스크 등 전자기기 사용법을 친절하게 가르쳐 드리겠습니다.', '555920345678', '키오스크 사용법#핸드폰 사용법#전자기기 사용법'),
 (52, 1, '긍정적이고 기쁜 마음으로 함께하겠습니다.', '156244855678', '산책메이트'),
 (53, 1, '자주 소통하며 진행상황을 공유하는, 밑고 맡길 수 있는 집사로 활동하겠습니다.', '110888545678', '동행가이드#산책메이트'),
 (54, 2, '친절하게 서비스를 제공하겠습니다.', '555320345678', '자차보유#장거리 운전 가능'),
 (59, 2, '요양보호사 자격증이 있어서 친절하고 안전하게 서비스 제공하겠습니다.', '188879345678', '요양보호사#전문적 돌봄도 가능해요'),
 (60, 2, '부모님을 모시는 것처럼 세심하게 살피겠습니다.', '110220887478', '자차보유#장거리 운전도 가능'),
 (61, 2, '집사 n년차, 모든 동물들을 사랑하고, 잘 다룰 수 있습니다.', '110220895678', '애견인#간단한 애견미용도 가능#애견 산책 가능해요'),
 (68, 1, '친절하고 성실하게 서비스를 제공하겠습니다.', '110220625678', '산책코스마스터#친절왕#소통왕'),
 (69, 1, '내 부모님처럼 세심히 챙기겠습니다.', '110125445678', '운전마스터#장거리 운전 가능'),
 (70, 1, '내 부모님에게 알려드리듯이 친절히 알려드리겠습니다.', '111256345678', '전자기기마스터#키오스크 마스터#컴퓨터 마스터'),
 (71, 3, '동네 친구처럼 함께하고 싶습니다.', '110228569678', '산책마스터#동네 인맥왕'),
 (85, 1, '세심하게 살피며 동행하겠습니다.', '112236345678', '자차보유#장거리 운전 가능'),
 (86, 1, '내 부모를 대하는 것처럼 열심히 하겠습니다', '113658345678', '요양보호사 자격증 보유#전문 돌봄도 가능');

INSERT INTO ZIPSA_CATEGORY (zipsa_id, major_category_id)
VALUES(2, 1), (2, 2), (2, 3), (3, 8), (6, 1), (6, 2), (6, 6), (7, 1), (7, 2), (7, 3), (8, 1), (8, 2), (8, 3), (8, 4), (8, 5), (11, 1), (11, 2), (11, 3),
 (15, 1), (15, 2), (15, 7), (16, 4), (16, 8), (18, 1), (18, 2), (18, 3), (18, 4), (23, 1), (23, 2), (23, 3), (25, 1), (25, 2), (25, 3), (25, 6), (26, 2), (26, 4),
 (27, 1), (27, 2), (27, 3), (27, 7), (32, 1), (32, 2), (32, 3), (32, 5), (35, 1), (35, 2), (35, 4), (36, 1), (36, 6), (37, 1), (37, 2), (37, 3), (39, 7), (39, 8), (43, 3), (46, 8),
 (46, 1), (46, 2), (46, 3), (47, 7), (47, 8), (52, 1), (52, 2), (53, 1), (53, 2), (53, 3), (54, 1), (54, 2), (54, 3), (59, 1), (59, 2), (59, 3), (59, 5),
 (60, 1), (60, 2), (60, 3), (60, 4), (61, 6), (61, 8), (68, 1), (68, 2), (68, 3), (69, 1), (69, 2), (69, 3), (69, 4), (70, 7), (70, 1), (70, 2), (71, 1), (71, 2), (71, 3),
 (85, 1), (85, 2), (85, 3), (85, 8), (86, 1), (86, 2), (86, 3), (86, 5);

#게시판 태그
INSERT INTO TAG (name)
VALUES ('맛집 추천'), ('동네 소식'), ('집사 후기'), ('동네 모임'), ('생활 꿀팁'), ('일상 공유');

# 게시물 작성
INSERT INTO BOARD (user_id, title, content)
VALUES (3, '오늘 먹은 역삼동 인생 닭갈비집 추천해요!!!', '오늘 먹은 인생 닭갈비집 닭갈비두목 추천합니다!! 진짜 인생 맛집이에요 제발 다들 드셔보세류ㅠㅠㅠㅠ'),
 (73, '닭한마리 맛집 찾았습니다', '서대문구 가마솥 닭한마리 지인 추천으로 갔는데 너무 맛있더군요. 집사님들도 꼭 드셔보세요.. 쏘주가 아주 술술 들어갑니다^^'),
 (67, '카레 좋아하시는 분들 들어오세요', '카레를 좋아하신다면... 역삼동 최고의 카레맛집.. 송송카레... 꼭 가보십시오 카레랑 밥은 한 번까지 리필되고, 가라아게 카레가 특히 맛있습니다. 김치가 없는게 조금 아쉽지만, 그래도 맛있어서 집사님들과 공유합니다'),
 (43, '닭도리탕 맛집 공유합니다!!!', '고갯마루라고, 역삼동 닭도리탕 맛집 공유해요! 살짝 맵칼한게 맛집입니다. 닭도리탕 좋아하시는 분들 꼭 방문해보세요!! 대신 술이 술술 들어갈 수 있으니 조심하세요'),
 (27, '맛있는 술집 공유해요~~', '술도 좋지만 맛있는 안주가 먹고싶으신 분들!! 아리네 술상 꼭 가보세요. 주방장님 솜씨가 일품이라 가격이 좀 있어도 전혀 돈이 아깝지 않습니다. 단점은 안주가 맛있어서 과음하게 된다는것?!ㅎㅎ 그럼 어떤가요,, 그게 사는낙이죠뭐 ㅎㅎㅎㅎ'),

 (15, '역삼 헬스장 추천해주세요', '직장이 역삼역 근처인데 근처에 괜찮은 헬스장 있나요?? 피티도 받고싶은데 제대로 가르쳐줄 수 있는 헬스장 찾고있어요'),
 (60, '서초구 동네 미용실 잘하는곳 있나요??', '서초구에 이번에 막 이사와서 미용실을 새로 알아봐야 하는데, 좀 괜찮은데 없을까요?? 좀 소규모여도 커트 잘하시는 분이었음 좋겠어요'),
 (15, '빨래방 다들 이용해보셨나요?', '자취는 처음이라 이제 이불빨래하러 빨래방 가야하는데 빨래방 이용해 보셨나요??'),
 (17, '강남에 수학학원 괜찮은데 좀 공유해주세요', '워킹맘이라 이제 애기가 막 초등학교 5학년 되는데 수학학원 어디를 보내야 할지 고민되네요ㅠ 아직 초등학생이라 안보내도 될줄 알았는데 또래 다른 친구들 보면 이제 슬슬 보내기 시작하는거 같아서 조급해집니다..'),
 (42, '[역삼] 직장인 자기개발로 코딩 배워보고 싶은데 배울만한 곳 추천 부탁드립니다', '타 부서와 이야기할 때 코딩을 하나도 모르다보니 업무 진행이 더디더라구요. 그래서 코딩 배워볼까 하는데 쉽게 잘 가르쳐주는 학원 역삼 근처에 없을까요..?'),

 (40, '집사님들 너무 감사합니다', '부모님이랑 떨어져 살아 자주 방문하지 못했는데 자잘한 심부름도 믿고 든든하게 해주시는 집사님들이 있어 오늘도 맘편히 맡깁니다. 잘 모르는 사람들이야 돈 받고 일하는 건데 당연한거 아니냐 하지만 저는 아닌거 잘 알거든요.. 돈 받은만큼, 아니 그 이상으로 친절하게 해주시는 집사님들 항상 너무 감사해요! :-)'),
 (93, '간단한 일도 해주는 한집사 너무 좋아요', '부모님이 거동이 살짝 불편하셔서 자잘한 집안일을 가끔 한집사로 부탁드리는데, 그때마다 너무 잘 해주셔서 감사해요. 다른 심부름센터는 다 익명이라 맡기기 좀 그랬는데, 여기 집사님들은 아무래도 실명제다보니까 신뢰가 가서 너무 좋아요.'),
 (45, '집사일 해보신 분들께 궁금한 점이 있습니다', '다른 비슷한 곳에서 활동 안하시고 여기서 하시는 이유가 있을까요??? 저도 한집사 소비자로 이용만 해봤는데 집사로 활동해볼까 고민중이거든요. 집사 입장에서 한집사는 어떤 곳인지 궁금해요'),
 (55, '집사님들 다 좋은줄 알았는데 그것도 아닌가봐요..', '며칠 전에 집사님 구해서 아버지 산책 부탁드렸는데 산책은 잠깐하고 계속 앉아있다가 집에 가셨다네요.. 1시간 산책에 40분을 앉아서 얘기만 하다 오셨대요. 일단 화나서 신고 넣긴 했는데, 쉬는 시간까지도 정해서 아예 말씀드려야 하나요?? 다른 분들은 어떻게 이용하시는지 궁금합니다'),
 (97, '한집사로 임영웅 티켓팅 성공했읍니다... 성공해주신 집사님 감사드립니다', '한집사로 임영웅 티켓팅 성공했읍니다... 성공해주신 집사님 감사드립니다'),

 (73, '[송파] 배드민턴 같이 하실분 구합니다', '취미로 배드민턴 종종 치는데 같이 치실 분 있나요?? 저는 구청 근처 공원에서 주로 칩니다'),
 (59, '[역삼] 볼링 동호회 블링볼링에서 함께하실 분 구합니다.', '안녕하세요, 블링볼링 동호회장입니다. 여성 5명으로 이루어진 소규모 모임이고, 한 분 더 구하려고 합니다. 근처 라인볼링장에서 주로 모임을 갖고, 원정 볼링도 가끔 나갑니다. 같이 볼링도 치고, 맛있는 것도 함께 드실 멋진 여성분 구합니다. 주저말고 연락주세요~~'),
 (82, '[용산] 동네 산책친구 구합니다', '용산에 최근에 이사를 와서 아는 지인이 한명도 없네요.. 사람들과 어울리는거 좋아하는데 여긴 아는 사람이 아무도 없어서 한집사에서 산책 친구 구해봅니다. 60대 여자이고, 그냥 근처 같이 걸으면서 대화도하고, 함께 어울릴 분 구해봐요~~^^'),
 (38, '등산 좋아하시는 분들도 있나요?', '저는 주로 혼자 등산을 다니는데, 여기서 같이 취미 함께하실 분들 많이 구하는거 같아서 저도 구해봅니다. 관악산처럼 서울에 있는 산도 좋고, 나중에 시간되면 함께 단풍 구경하러 등산도 가면 좋을 거 같습니다. 편하게 연락바랍니다^^'),
 (16, '[강남] 강남 근처에서 독서모임 하실 분 구합니다', '강남 근처에서 독서모임 함께 하실분 구합니다. 목요일 8시 생각하고 있고, 도서는 다양한 분야 돌아가며 정할 생각입니다. 너무 무겁게 하지 않고, 가볍게 책도 읽고 대화도 나누면서 의견 교류하는 곳이라고 생각해 주셨으면 좋겠습니다. 찔러보셔도 괜찮으니, 궁금하신 점들 많이 물어봐주세요!!'),
 (40, '[송파] 풋살 좋아하시는 분 있나요?', '풋살 동호회 한살풋살에서 새 멤버를 찾습니다. 저희는 30대부터 50대 까지 다양한 연령대의 남성들로 구성되어 있고, 매주 금요일 저녁에 모여 함께 풋살을 차고 있습니다. 동호회원들끼리 유대관계도 굉장히 좋아 풋살 한 후에, 다같이 맛있는 것도 먹으며 끈끈한 관계를 다지고 있습니다. 관심 있으신 분 편하게 연락주세요!'),
 (26, '[송파] 애니메이션 좋아하시는 분 찾습니다', '친구랑 저랑 애니메이션 좋아해서 종종 함께 보러 다니는데, 모임을 만들어봐도 좋겠단 생각이 들어서요. 영화관도 같이가고, 함께 이야기 나누고 취미 공유하실 분 아무나 연락주세요!'),

 (19, '배수구 냄새 해결하는 팁좀 주세요ㅠ', '이번에 새로 이사왔는데 배수구 냄새가 너무 납니다.. 생활 고수님들 팁 좀 부탁드려요ㅠㅠㅠㅠㅠ'),
 (26, '식기세척기 사는거 어떻게 생각하시나요', '식기세척기는 추천하는 사람과 아닌 사람 입장이 분명하게 나뉘더라구요... 여러분은 어떻게 생각하시나요?'),
 (28, '신발 젖었을때 꿀팁 공유합니다', '여행갔을 때나 평소에 신발 젖었을 때, 근데 신발 세탁하긴 애매할 때, 엄청난 꿀팁을 찾았습니다. 바로 핫팩을 이용하는 방법인데요, 핫팩을 신발 안에 넣어놓고 자면 자는 동안 신발이 마르고, 냄새도 잘 안납니다. 이 방법으로 여행지에서 신발 젖은거 금방 말렸어요ㅠㅠㅠㅠ 너무 좋아서 공유합니다'),
 (35, '영화 좋아하시는 분들 보세요', '영화 좋아하시면 매달 있는 문화의 날 잘 활용해보시는거 추천드립니다. 이 날 잘하면 영화 저렴한 가격에 볼 수 있습니다ㅎㅎ 영화비도 비싼데 이럴 때 문화생활 해보자구요!'),
 (44, '발렌타인 데이 기념으로 린도볼 초콜릿 행사하네요', '평소에 린도볼 초콜릿 정말 좋아하는데 발렌타인데이 기념으로 쓱에서 세일하네요!! 참고하세요'),

 (26, '저 오늘 생일이에요', '오늘 생일이라 오랜만에 식구들과 분위기 좋은 곳에서 맛난거 먹고 왔습니다~~'),
 (41, '애견 동반가능 카페 온리유', '오늘 애견 동반가능 카페 다녀왔는데 너무 좋았어서 공유합니다. 강아지 전용 음식도 있고, 뛰어놀 공간도 충분해서 오랜만에 힐링하고 왔어요. 사장님도 너무 친절하시고, 너무 좋은시간 보냈습니다. 다들 방문해보세요!!'),
 (54, '오늘의 운동 루틴 완료!!', '오늘도 꾸준히 운동 루틴을 완료했습니다. 건강을 위해 시작했는데, 이제 운동 없이는 못 살 것 같아요!'),
 (26, '집에서 키우는 반려 선인장', '집에서 반련 선인장을 키우고 있어요. 식물을 키우면서 매일 조금씩 변하는 모습을 보는 재미가 쏠쏠하네요.ㅎㅎ 다른 식집사 님들도 계시나요??'),
 (53, '오늘의 요리 도전!', '오늘은 집에서 새로운 요리에 도전해봤어요. 처음 해보는 거라 걱정했는데, 의외로 잘 된 것 같아 기분이 좋네요!'),
 (22, '주말 여행 계획 세우기', '이번 주말에 짧은 여행을 계획 중입니다. 휴식과 재충전의 시간을 갖기 위해 조용한 곳으로 떠나려고 해요.');
INSERT INTO BOARD_TAG (board_id, tag_id)
VALUES (1, 1), (2, 1), (3, 1), (4, 1), (5, 1), (6, 2), (7, 2), (8, 2), (9, 2), (10, 2), (11, 3), (12, 3), (13, 3), (14, 3), (15, 3), (16, 4), (17, 4), (18, 4), (19, 4), (20, 4),
 (21, 4), (22, 4), (23, 5), (24, 5), (25, 5), (26, 5), (27, 5), (28, 6), (29, 6), (30, 6), (31, 6), (32, 6), (33, 6);

# 댓글 작성
INSERT INTO COMMENT (board_id, user_id, content)
VALUES (1, 12, '헉 저도 여기 알아요 진짜 너무 맛있고 양많아요ㅠㅠㅠㅠ 더 유명해지면 곤란한디ㅠㅠㅠㅠㅠㅠㅠㅠ'),
 (1, 38, '그정도 맛집이라니 내일 꼭 갑니다~~ 좋은 정보 감사해유 역시 집사님들이 맛잘알이십니다 캬'),
 (1, 55, '맛집 공유 감사합니다. 집사님들 정보 항상 틀린적이 없어서 이번에도 믿고 꼭 방문해보겠습니다^~^'),
 (2, 45, '닭한마리 너무 좋아하는데 맛집 추천 감사해요^0^'),
 (2, 52, '뜨끈한 국물이 마침 땡겼는데 조만간 꼭 찾아가 볼게요~~'),
 (3, 56, '송송카레 가라아게 카레 진짜 맛있는데!! 여기 밥이랑 카레추가도 되어서 진짜 좋아요ㅎㅎ'),
 (3, 67, '카레 좋아하는데 카레 맛집이라니!! 꼭 먹으러 찾아갑니다~~~'),
 (3, 72, '카레 맛집 너무 좋아요! 먹으러 가볼게요!!'),
 (4, 74, '닭도리탕 너무 먹고싶었는데, 꼭 먹으러 가겠습니다~~ 맛집 추천 감사해요^^'),
 (4, 59, '어머 집 근처네요?? 이런곳이 있는줄 처음 알았는데, 조만간 방문해야겠어요'),
 (4, 30, '믿고 먹는 집사님들 픽 맛집이 또 올라왔군요. 저도 조만간 방문하겠습니다.'),
 (4, 11, '닭도리탕 너무 좋아해서 찾아봤는데 사진만 봐도 찐 맛집의 느낌이 나네요. 내일 당장 찾아갑니다..'),
 (5, 21, '아리네 술상,, 이름만 들어도 뭔가 진짜 제대로 된 음식을 먹을 수 있는 곳 느낌이 물씬 납니다...'),
 (5, 32, '진짜 맛집 느낌 나네요.. 찾아봤는데 사진만 봐도 너무 맛있어보여요ㅠㅠㅠㅠ'),
 (5, 37, '여기 근처 직장다니는 친구한테 물어봤는데 어떻게 알았냐곸ㅋㅋㅋ 자기 단골집인데 유명해지면 큰일난다고 하네욬ㅋㅋㅋ'),
 (5, 43, '저 예전에 역삼에서 직장다닐때 종종 갔었는데 아직도 있군요!! 생각난김에 조만간 다녀와야겠어요'),
 (6, 34, '저는 역 근처 에브리데이 헬스장 다니고 있는데 시설도 크고 괜찮아요!! 피티는 제가 안받아봐서 잘 모르겠네요ㅠㅠ'),
 (6, 46, '저는 근처 헬로우짐 다니는데 트레이너 분들 전부 다 친절하고 잘가르쳐 주십니다~~ 그룹PT만 받아봤는데 나름 좋았어요!'),
 (6, 55, '헬로우짐 피티 저도 추천이요!! 김ㅅㅎ 트레이너님 너무 좋습니다. 제가 허리가 안좋은데 고려해서 잘 알려주십니다'),
 (7, 66, '저도 좋은데 있음 알고싶네요.. 미용실 딱 맘에 드는곳을 저도 아직 못찾았어요'),
 (7, 85, '얼마전에 살롱드키코에서 머리했는데 나름 만족했어요'),
 (7, 38, '저는 오브윤 가는데 원장님이 하나하나 다 봐주셔서 만족하면서 다니고 있습니다~~'),
 (7, 47, '오브윤 저도 종종 가는데 원장님이 진짜 금손이십니다ㅎㅎ 만족합니다'),
 (8, 20, '요즘 빨래방 진짜 잘되어있어요. 대신 사람 몰리는 시간대에 가면 좀 기다리셔야 할수도 있습니다'),
 (8, 27, '맞아요. 빨래방 요즘 카드 충전해서 하는 방식이라 현금도 필요없고 매우 편해요!!!'),
 (8, 33, '토요일 오전에 가는거 추천드립니다. 오후 시간 되면 사람들 몰려서 이불들고 대기하셔야 할수도 있슴다ㅠ'),
 (9, 27, '초등학생이면 아직 수학학원은 안보내도 되지 않을까요...? 영어학원만 보내시구 수학은 학습지만 시켜도 아직 충분할거 같아요'),
 (9, 34, '예전에 제 아이는 프라임 수학학원 다녔었는데 기초부터 찬찬히 가르쳐주셔서 좋았어요. 수학에 흥미 느낄 수 있게 가르치는 곳으로 추천해요.'),
 (9, 43, '저희 애는 중학생때부터 학원 보냈는데 그래도 수학 곧잘 하고 있어요. 너무 조급해하지 않으셔도 될듯합니당'),
 (10, 25, '아예 아무것도 모르는 상태시라면 생활코딩 추천드려요!! 저도 혼자 따라해보면서 독학 중입니다'),
 (10, 16, '코딩은 학원가서 배우는 것도 좋지만 기초는 인터넷에 워낙 무료 강의나 자료가 많아서 인터넷에서 보고 따라하시는거 추천드려요ㅎㅎ'),
 (10, 35, '멀티캠퍼스라고 역삼에 유명한 학원 있는데, 직장인을 위한 강의가 있는지는 잘 모르겠네요.. 여기는 유명한 국비학원입니다.'),
 (11, 58, '맞아요.. 다른 비슷한 서비스 이용해봐도 믿고 맡길 수 있는 곳 찾으면 급할땐 역시 한집사더라구요... 지금까지 잘 이용하고 있습니다.'),
 (11, 73, '저희 어머니도 집사님 도움 받은 후로 너무 만족해하셔서 종종 이용하고 있습니다. 확실히 실명제라 그런지 저도 믿고 맡길 수 있겠더라구요.'),
 (11, 81, '맞아요 한집사는 당일에도 급하게 부탁할 수 있어서 좋더라구요. 간단한 일도 의뢰할 수 있기도 하고 해서 너무 잘쓰고있습니다.'),
 (11, 11, '이런 글 집사일 하는데 너무 큰 힘이 됩니다!! 항상 부모님 모신다는 생각으로 친절하고 성심성의껏 하려고 노력하는데 알아주셔서 감사해요!!ㅎㅎㅎㅎ'),
 (12, 74, '저도 가끔 부모님 댁에 쓰레기 버려달라고 부탁드리는데, 너무 잘해주셔서 종종 애용하게 되더라구요.'),
 (12, 58, '실명제 기반인게 신뢰도 큰거 같아요. 저는 부모님 병원 방문하실때 가끔 일정 안맞으면 부탁드리는데, 너무 친절하시고 좋습니다'),
 (12, 46, '저는 휠체어 없이 이동 불가능한 어머니가 계신데, 가끔 산책 부탁드리고 저는 집안일 할 때 애용해요ㅎㅎ'),
 (13, 32, '가장 좋은점은 시간을 유동적으로 사용할 수 있다는 점이죠. 저는 중학생 자녀들이 있는데, 한집사는 스케줄 조정이 쉬워서 편합니다.'),
 (13, 39, '저는 제가 원하는 만큼 일할 수 있다는 점이 좋아요ㅎㅎ 가끔 쉬고 싶을 땐 쉬고, 일하고 싶을 땐 일할 수 있어서 좋더라구요'),
 (13, 52, '산책하기 같은 일은 산책하면서 어르신이랑 이런저런 얘기를 하게 되는데, 그때마다 살아온 이야기들을 들을 해주시는데, 저는 그게 그렇게 재밌더라구요!!'),
 (13, 86, '나이 상관없이 찾아줘서 좋아요. 요양보호사 자격증이 있어도 나이가 들면 자연히 찾는 곳이 줄더라구요. 근데 한집사는 일이 다양하게 있다보니까 좋아요'),
 (13, 3, '전 티켓팅 주로 해드리는 일을 하는데, 어르신들 나훈아 콘서트 되셨다고 기뻐하는 모습 보면 그게 너무 즐겁고 재밌어서 계속 하게됩니당 :-D'),
 (14, 34, '그런 일이 있을수도 있군요... 저는 지금까지 만난 집사님들 다 너무 좋은 분들이셨어서 쉬는시간같은거 딱히 지정 안했어도 알아서 잘 해주셨던거 같아요'),
 (14, 66, '저는 이용할 때 최대한 많이 걸어달라고 쓰긴 했어요.. 근데 사실 그런거 안적었어도 40분 쉬는건 너무한거 같네요...'),
 (14, 54, '아이고,,, 저같은 경우엔 1시간 코스면 어르신 상태 봐가면서 걷다가 쉬다가 반복하는거 같아요. 그래도 최대한 10분~20분은 걷고 잠깐 쉬고 하는 식으로 하려고 합니다...'),
 (14, 47, '저도 산책 이용하실 정도면 평소에 외출 쉽지 않으신 분이라고 생각해서 최대한 많이 걸으려고 합니다. 신고 넣으셨다니까, 한집사 측에서 잘 해결해주실 거라 생각합니다..ㅠㅠ'),
 (16, 60, '배드민턴 잘 못쳐도 가르쳐 주시나요ㅠㅠ 완전 초보라 배움이 필요합니다..'),
 (17, 61, '나이대가 다 어떻게 되시나요..? 동년배이면 저도 들어가서 함께 하고싶네요ㅎㅎ'),
 (17, 47, '나이는 숫자에 불과합니다!! 저희는 30대부터 50대까지 다양하게 있어요!! 편하게 연락주세요~~'),
 (17, 54, '어머나 그럼 저도 들어가고 싶네요.. 볼링 잘 못쳐도 상관없나요?? 예전에 한창 많이 치긴 했는데, 최근엔 많이 안쳐서 좀 자신이 없네요ㅎㅎㅎㅎ'),
 (17, 66, 'ㅠㅠㅠ 벌써 한 분 들어오셔서 마감되었습니다.. 소규모 클럽인지라 더 많이 모실수가 없네요ㅠㅠㅠㅠㅠ 나중에 기회되면 함께 볼링쳤으면 좋겠습니다..'),
 (18, 95, '저랑 동년배 이시네요 반갑습니다^^ 저도 산책하면서 어울리는거 좋아하는데, 같이 산책가요~~'),
 (18, 73, '제 아내와 저도 종종 동네 산책하곤 합니다. 저희랑도 같이 산책갑시다ㅎㅎ'),
 (19, 48, '저도 등산 좋아하는데, 주로 언제 다니시나요? 시간 맞으면 저도 함께하고 싶습니다.'),
 (19, 61, '취미 등산 좋지요!! 저도 함께 가고 싶어요. 저는 주로 토요일 새벽 일찍 가서 등산하는걸 좋아해요'),
 (19, 67, '저 관악산 자주가는데 저도 같이 가고 싶네요. 혼자 등산도 좋지만 같이 가면 또 함께 힘나는 것도 있으니까요'),
 (20, 31, '오 신년에는 저도 책 많이 읽기를 목표로 잡았는데,, 혹시 한달에 몇권정도 읽을 계회이신가요?? 너무 타이트하지만 않으면 저도 함께하고 싶네요'),
 (20, 46, '저도 독서모임 찾고 있었는데 강남이라 좀 고민되네요ㅠㅠㅠㅠ 직장이 강남에서 조금 거리가 있어서'),
 (20, 54, '모임 한번에 몇시간 정도 하나요? 너무 길지만 않으면 저도 참여하고 싶습니다ㅎㅎ'),
 (20, 62, '저도 참여하고 싶습니다. 아무래도 이런 모임 아니면 책을 안읽게 되더라구요'),
 (21, 50, '오 풋살 동호회라뇨!! 제가 찾던 곳입니다. 저도 함께하고 싶어요. 연락 바랍니다.'),
 (21, 28, '보통 금요일 몇 시 쯤부터 모이나요?'),
 (21, 30, '저도 몇시부터 모이는지 궁금합니다.'),
 (22, 8, '애니메이션 저도 좋아하는데!! 어떤 장르 좋아하시나요?'),
 (22, 16, '정기적으로 만나는 모임인건가요?'),
 (22, 21, '애니 좋아하는분이라니 반갑습니다.. 저도 함께하고 싶어요!! 연락주세요'),
 (23, 74, '배수구 냄새는 일단 곰팡이 원인이 큽니다.. 배수구 세정제 구매해서 청소 하시면 좀 나아질 거에요'),
 (23, 80, '위에분 말씀에 공감합니다. 다이소 배수구 세정제 좋아요. 그것부터 사다가 써보세요'),
 (23, 66, '일단 세정제 써보고, 그 다음엔 최대한 문제 안생기도록 주기적으로 청소하는거 외엔 답이 없습니다..'),
 (23, 86, '많이 심하면 평소엔 일단 덮개로 덮어두고 사용하시는거 추천드립니다.'),
 (24, 58, '식세기 저는 구매했는데 너무 만족합니다. 반대하는 사람들은 아마 안써보신 분들일거에요..'),
 (24, 69, '식세기 좋다는 말은 들었는데 저는 찝찝해서 못쓰겠더라구요.. 그래도 써본 분들은 다 추천하더라구요'),
 (24, 66, '식세기 산 이후로 저녁있는 삶이 가능해졌습니다. 저는 가족들이랑 대화할 시간이 늘어서 구매하시는거 적극 권장해요!!'),
 (25, 48, '어머나 엄청난 꿀팁이네요!! 가끔 신발 살짝 젖었을 때 그냥 말리면 냄새나기도 하던데 핫팩 써봐야겠어요!!!'),
 (25, 39, '저 방법 저도 가끔 쓰는데 진짜 좋아요!! 핫팩 성분이 냄새 날수도 있는거 잡아주는 역할을 한다고 봤어요'),
 (25, 27, '와 진짜 좋은 방법이네요. 특히 여행지에서 신발 젖으면 답없는데, 그때 쓰면 딱이겠네요!! 역시 집사님들 생활 내공이 엄청나십니닿ㅎㅎ'),
 (26, 40, '문화의날에 저도 종종 영화보는데 좋더라구요ㅎㅎ'),
 (26, 27, '근데 문화의날 행사는 2d 영화만 가능해서 생각보다 대상이 되는 영화는 별로 없더라구요ㅠ'),
 (27, 45, '린도볼 초콜릿 저도 좋아하는데 세일한다니..! 얼른 구매하러 갑니당ㅎㅎ'),
 (27, 26, '초콜릿 행사소식까지 전해주시다뇨 너무 좋은데요ㅎㅎㅎ 저도 구매하러 가겠습니다'),
 (27, 12, '린도볼 초콜릿은 처음 들어보는데 저도 이번기회에 사봐야겠네욬ㅋㅋㅋ'),
 (28, 16, '생일 축하해요! 오늘 하루 정말 특별했을 것 같아요. 무엇을 드셨는지 궁금하네요!'),
 (28, 32, '행복한 생일 보내셨군요! 가족들과의 시간은 언제나 소중하죠. 분위기 좋은 곳이 어디였는지 알려주세요!'),
 (28, 44, '생일 진심으로 축하드립니다! 가족과 함께하는 시간이 최고예요. 오늘 메뉴 중에서 가장 마음에 들었던 음식은 무엇인가요?'),
 (28, 50, '생일 축하합니다! 오랜만에 가족과 함께한 식사, 정말 의미 있는 시간이었겠어요. 어떤 음식점이었나요?'),
 (28, 59, '오! 생일 축하해요! 가족들과의 따뜻한 시간이 정말 좋아 보입니다. 추억에 남을 하루가 되셨길 바라요.'),
 (28, 31, '생일 축하드려요! 사랑하는 사람들과의 시간은 언제나 행복하죠. 오늘 가장 기억에 남는 순간은 무엇인가요?'),
 (29, 69, '그 카페 어디에 있나요? 저도 가보고 싶어요!'),
 (29, 82, '커피 메뉴 추천 부탁드려요!'),
 (29, 89, '저도 거기 갔었는데 정말 좋더라고요. 특히 디저트가 맛있어요!'),
 (29, 30, '분위기 있는 카페 좋네요. 다음 모임 장소로 추천해봐야겠어요.'),
 (29, 49, '혹시 콘센트 자리도 많나요? 카페에서 공부하려고 하는데요.'),
 (30, 84, '멋져요! 어떤 운동 루틴인지 궁금하네요.'),
 (30, 94, '저도 운동 시작해야 하는데, 동기부여가 되네요!'),
 (30, 47, '운동하고 나면 기분이 어때요? 저는 항상 시작이 어렵더라고요.'),
 (30, 26, '건강을 위한 운동, 정말 중요한 것 같아요. 저도 꾸준히 해야겠어요.'),
 (30, 57, '운동하는 팁 있으면 공유해주세요! 저는 항상 중간에 포기해버려요.'),
 (31, 58, '선인장 종류가 뭐예요? 저도 집에 놓을만한 걸 찾고 있어요.'),
 (31, 33, '식물 키우는 팁 있으면 공유해주세요. 저는 항상 죽여버리더라고요.'),
 (31, 90, '식물이 집안 분위기를 확 바꿔주는 것 같아요. 좋네요!'),
 (31, 98, '저도 식물 키우는 게 취미인데, 교환해보는 것도 재미있을 것 같아요!'),
 (31, 56, '반려식물 이야기를 들으니 저도 하나 들이고 싶어지네요. 추천해주실 수 있나요?'),
 (32, 67, '어떤 요리에 도전하셨나요? 궁금하네요!'),
 (32, 85, '저도 요리에 도전해보고 싶은데, 시작이 어렵네요. 팁 있으신가요?'),
 (32, 88, '요리 성공 축하드려요! 저도 요리에 자신감을 가져봐야겠어요.'),
 (32, 61, '우와 어떤 요리인지 너무 궁금하네요! 요리 결과물이 궁금합니다.'),
 (32, 66, '요리는 실패해도 재미있는 것 같아요. 다음에는 무슨 요리에 도전하실 건가요?'),
 (33, 79, '어디로 여행 계획하셨나요? 저도 여행지 추천 받고 싶어요!'),
 (33, 88, '주말 여행 좋죠. 저도 가끔은 혼자 여행을 떠나곤 해요.'),
 (33, 91, '여행 다녀오고 나서 좋은곳 꼭 공유해주세요!'),
 (33, 75, '여행 준비 팁 있으시면 알려주세요. 저도 곧 여행 계획 중이거든요.'),
 (33, 78, '조용한 여행지라면 어디인가요? 저도 조용하고 평화로운 곳을 찾고 있어요.');

# 집사와의 매칭, 서비스 제공이 완료된 사용내역
# 편의상 notification_count는 1로 통일, 한명한테 알림 보내고 그 사람이 수락한걸로 함.
INSERT INTO ROOM (user_id, zipsa_id, sub_category_id, content, place, estimate_duration, expectation_pay, room_created_at, match_created_at, expectation_started_at, expectation_ended_at, started_at, ended_at, status, total_pay, notification_count)
VALUES(120, 7, 1, '할아버지와 함께 행정복지센터에 가서 서류를 제출하실 분 구합니다.', '서울시 중구', 1, 10000, '2023-01-10 01:01:01', '2023-01-11 01:01:01', '2023-01-14 01:01:01', '2023-01-14 01:01:01', '2023-01-14 01:01:01', '2023-01-14 01:01:01', 'END', 10000, 1),
 (121, 7, 2, '할머니와 점심 식사를 함께할 분을 찾습니다. 인근 식당에서 약 1시간 정도 식사하고 이야기 나누실 분 구합니다.', '서울시 중구', 1, 10000, '2023-02-10 01:01:01', '2023-02-11 01:01:01', '2023-02-14 01:01:01', '2023-02-14 01:01:01', '2023-02-14 01:01:01', '2023-02-14 01:01:01', 'END', 10000, 1),
 (122, 7, 8, '할아버지와 함께 산골짜기에 있는 소문난 두부집에 가고 싶습니다. 왕복 4시간 정도 소요될 예정입니다.', '서울시 중구', 4, 40000, '2023-03-10 01:01:01', '2023-03-11 01:01:01', '2023-03-14 01:01:01', '2023-03-14 01:01:01', '2023-03-14 01:01:01', '2023-03-14 01:01:01', 'END', 40000, 1),
 (121, 7, 9, '할아버지와 함께 대학 병원에 방문하실 분을 구합니다. 특별한 검사가 예정되어 있어 도움이 필요합니다. 총 4시간 정도 소요될 것으로 예상됩니다.', '서울시 중구', 4, 40000, '2023-04-10 01:01:01', '2023-04-11 01:01:01', '2023-04-14 01:01:01', '2023-04-14 01:01:01', '2023-04-14 01:01:01', '2023-04-14 01:01:01', 'END', 40000, 1),
 (123, 7, 1, '할머니와 함께 건강보험 관련 서류를 제출하기 위해 행정복지센터에 방문하실 분을 구합니다. 대략 2시간 소요됩니다.', '서울시 중구', 2, 20000, '2023-06-10 01:01:01', '2023-06-11 01:01:01', '2023-06-14 01:01:01', '2023-06-14 01:01:01', '2023-06-14 01:01:01', '2023-06-14 01:01:01', 'END', 20000, 1),
 (173, 7, 15, '할머니 댁의 저녁 식사 후 설거지를 도와주실 분을 찾습니다. 식기 정리 포함, 약 1시간 소요될 예정입니다.', '서울시 중구', 1, 10000, '2023-07-10 01:01:01', '2023-07-11 01:01:01', '2023-07-14 01:01:01', '2023-07-14 01:01:01', '2023-07-14 01:01:01', '2023-07-14 01:01:01', 'END', 10000, 1),
 (174, 7, 13, '할머니 댁에서 가볍게 청소를 도와주실 분을 찾습니다. 집안 정리 및 먼지 닦기, 약 2시간 소요 예상합니다.', '서울시 중구', 2, 20000, '2023-08-10 01:01:01', '2023-08-11 01:01:01', '2023-08-14 01:01:01', '2023-08-14 01:01:01', '2023-08-14 01:01:01', '2023-08-14 01:01:01', 'END', 20000, 1),
 (175, 7, 8, '어머니와 함께 멀리 있는 전통 떡집에 다녀오실 분을 찾습니다. 여행 시간은 약 3시간으로 예상됩니다.', '서울시 중구', 3, 30000, '2023-09-10 01:01:01', '2023-09-11 01:01:01', '2023-09-14 01:01:01', '2023-09-14 01:01:01', '2023-09-14 01:01:01', '2023-09-14 01:01:01', 'END', 30000, 1),
 (120, 7, 7, '어머니와 함께 은행에 가서 퇴직금 관련 상담을 도와주실 분을 구합니다. 약 2시간 소요될 것으로 예상됩니다.', '서울시 중구', 2, 20000, '2023-10-10 01:01:01', '2023-10-11 01:01:01', '2023-10-14 01:01:01', '2023-10-14 01:01:01', '2023-10-14 01:01:01', '2023-10-14 01:01:01', 'END', 20000, 1),
 (80, 8, 6, '어머니와 함께 특별한 행사를 위해 미용실에 가실 분을 찾습니다. 헤어 스타일링과 메이크업, 약 2시간 소요될 것으로 예상됩니다.', '서울시 광진구', 2, 20000, '2023-01-11 01:01:01', '2023-01-12 01:01:01', '2023-01-15 01:01:01', '2023-01-15 01:01:01', '2023-01-15 01:01:01', '2023-01-15 01:01:01', 'END', 20000, 1),
 (81, 8, 20, '할머니 댁에 중요한 우편물을 배달해주실 분을 찾습니다. 인근 우체국에서 수령 후 배달, 약 1시간 소요됩니다.', '서울시 광진구', 1, 10000, '2023-01-19 01:01:01', '2023-01-20 01:01:01', '2023-01-23 01:01:01', '2023-01-23 01:01:01', '2023-01-23 01:01:01', '2023-01-23 01:01:01', 'END', 10000, 1),
 (84, 8, 18, '할머니 댁에 점심 식사를 배달해주실 분을 찾습니다. 가까운 식당에서 주문하여 배달, 약 1시간 소요됩니다.', '서울시 광진구', 1, 10000, '2023-02-11 01:01:01', '2023-02-12 01:01:01', '2023-02-15 01:01:01', '2023-02-15 01:01:01', '2023-02-15 01:01:01', '2023-02-15 01:01:01', 'END', 10000, 1),
 (88, 8, 14, '할아버지 집의 겨울 이불 빨래를 도와주실 분을 찾습니다. 이불 세탁 및 건조, 대략 3시간 정도 예상됩니다.', '서울시 광진구', 3, 30000, '2023-02-19 01:01:01', '2023-02-20 01:01:01', '2023-02-23 01:01:01', '2023-02-23 01:01:01', '2023-02-23 01:01:01', '2023-02-23 01:01:01', 'END', 30000, 1),
 (89, 8, 13, '할아버지 집 대청소를 도와주실 분을 구합니다. 창문 청소와 바닥 닦기 포함, 약 3시간 정도 소요될 것으로 예상됩니다.', '서울시 광진구', 3, 30000, '2023-03-11 01:01:01', '2023-03-12 01:01:01', '2023-03-15 01:01:01', '2023-03-15 01:01:01', '2023-03-15 01:01:01', '2023-03-15 01:01:01', 'END', 30000, 1),
 (110, 8, 5, '할머니와 함께 인근 산책로를 산책하실 분을 구합니다. 대략 1시간 소요될 것으로 예상됩니다.', '서울시 광진구', 1, 10000, '2023-03-19 01:01:01', '2023-03-20 01:01:01', '2023-03-23 01:01:01', '2023-03-23 01:01:01', '2023-03-23 01:01:01', '2023-03-23 01:01:01', 'END', 10000, 1),
 (111, 8, 4, '할아버지와 함께 근처 병원에 건강 검진을 받으러 가실 분을 구합니다. 대략 2시간 소요됩니다.', '서울시 광진구', 2, 20000, '2023-04-11 01:01:01', '2023-04-12 01:01:01', '2023-04-15 01:01:01', '2023-04-15 01:01:01', '2023-04-15 01:01:01', '2023-04-15 01:01:01', 'END', 20000, 1),
 (112, 8, 3, '할머니와 함께 근처 슈퍼에서 간단한 장을 보실 분을 구합니다. 약 1시간 소요 예상합니다.', '서울시 광진구', 1, 10000, '2023-04-19 01:01:01', '2023-04-20 01:01:01', '2023-04-23 01:01:01', '2023-04-23 01:01:01', '2023-04-23 01:01:01', '2023-04-23 01:01:01', 'END', 10000, 1),
 (116, 8, 2, '할머니와 함께 저녁 식사하실 분을 구합니다. 인근 중식당에서 약 2시간 소요됩니다.', '서울시 광진구', 2, 20000, '2023-05-11 01:01:01', '2023-05-12 01:01:01', '2023-05-15 01:01:01', '2023-05-15 01:01:01', '2023-05-15 01:01:01', '2023-05-15 01:01:01', 'END', 20000, 1),
 (117, 8, 6, '할아버지와 함께 미용실에 가실 분을 구합니다. 머리 자르기와 스타일링, 약 2시간 소요됩니다.', '서울시 광진구', 2, 20000, '2023-05-19 01:01:01', '2023-05-20 01:01:01', '2023-05-23 01:01:01', '2023-05-23 01:01:01', '2023-05-23 01:01:01', '2023-05-23 01:01:01', 'END', 20000, 1),
 (118, 8, 21, '할머니 댁에 세탁물을 배달해주실 분을 찾고 있습니다. 가까운 세탁소에서 수령 후 배달, 약 1시간 소요됩니다.', '서울시 광진구', 1, 11000, '2023-06-11 01:01:01', '2023-06-12 01:01:01', '2023-06-15 01:01:01', '2023-06-15 01:01:01', '2023-06-15 01:01:01', '2023-06-15 01:01:01', 'END', 11000, 1),
 (119, 8, 22, '할머니 댁에 일반 의약품을 배달해주실 분을 찾습니다. 가까운 약국에서 구입 후 배달, 약 1시간 소요됩니다.', '서울시 광진구', 1, 11000, '2023-06-19 01:01:01', '2023-06-20 01:01:01', '2023-06-23 01:01:01', '2023-06-23 01:01:01', '2023-06-23 01:01:01', '2023-06-23 01:01:01', 'END', 11000, 1),
 (149, 8, 13, '어머니 댁의 주방 청소를 도와주실 분을 찾고 있습니다. 싱크대 정리 및 바닥 청소, 대략 3시간 소요됩니다.', '서울시 광진구', 3, 33000, '2023-07-11 01:01:01', '2023-07-12 01:01:01', '2023-07-15 01:01:01', '2023-07-15 01:01:01', '2023-07-15 01:01:01', '2023-07-15 01:01:01', 'END', 33000, 1),
 (154, 8, 10, '할머니와 함께 옛 친구를 만나러 가실 분을 찾습니다. 멀리 있는 목적지까지 운전해주실 분. 총 여행 시간은 약 6시간입니다.', '서울시 광진구', 6, 66000, '2023-07-19 01:01:01', '2023-07-20 01:01:01', '2023-07-23 01:01:01', '2023-07-23 01:01:01', '2023-07-23 01:01:01', '2023-07-23 01:01:01', 'END', 66000, 1),
 (155, 8, 8, '할아버지와 함께 전통 찻집을 방문하고 싶습니다. 여행 시간은 약 5시간으로 예상됩니다.', '서울시 광진구', 5, 55000, '2023-08-11 01:01:01', '2023-08-12 01:01:01', '2023-08-15 01:01:01', '2023-08-15 01:01:01', '2023-08-15 01:01:01', '2023-08-15 01:01:01', 'END', 55000, 1),
 (180, 8, 7, '어머니와 함께 은행에 방문하여 인터넷 뱅킹 설정을 도와주실 분을 구합니다. 약 2시간 소요될 것으로 예상됩니다.', '서울시 광진구', 2, 22000, '2023-08-19 01:01:01', '2023-08-20 01:01:01', '2023-08-23 01:01:01', '2023-08-23 01:01:01', '2023-08-23 01:01:01', '2023-08-23 01:01:01', 'END', 22000, 1),
 (80, 8, 6, '할머니와 함께 미용실에 방문하실 분을 찾습니다. 머리 손질을 하며 편안한 대화를 나눌 수 있는 분이면 좋겠습니다. 약 2시간 정도 소요됩니다.', '서울시 광진구', 2, 22000, '2023-09-11 01:01:01', '2023-09-12 01:01:01', '2023-09-15 01:01:01', '2023-09-15 01:01:01', '2023-09-15 01:01:01', '2023-09-15 01:01:01', 'END', 22000, 1),
 (81, 8, 3, '할아버지와 함께 근처 슈퍼마켓에서 간단한 장을 보실 분을 구합니다. 약 1시간 소요될 것으로 예상됩니다.', '서울시 광진구', 1, 11000, '2023-09-19 01:01:01', '2023-09-20 01:01:01', '2023-09-23 01:01:01', '2023-09-23 01:01:01', '2023-09-23 01:01:01', '2023-09-23 01:01:01', 'END', 11000, 1),
 (84, 8, 2, '할머니와 함께 저녁 식사를 할 수 있는 분을 찾고 있습니다. 인근 이탈리안 레스토랑에서 약 1시간 소요될 예정입니다.', '서울시 광진구', 1, 11000, '2023-10-11 01:01:01', '2023-10-12 01:01:01', '2023-10-15 01:01:01', '2023-10-15 01:01:01', '2023-10-15 01:01:01', '2023-10-15 01:01:01', 'END', 11000, 1),
 (88, 8, 3, '할머니와 함께 근처 마트에서 장을 볼 분을 찾습니다. 어르신과 함께 쇼핑하며 도움을 주실 분 구합니다. 약 2시간 정도 소요됩니다.', '서울시 광진구', 2, 22000, '2023-10-19 01:01:01', '2023-10-20 01:01:01', '2023-10-23 01:01:01', '2023-10-23 01:01:01', '2023-10-23 01:01:01', '2023-10-23 01:01:01', 'END', 22000, 1),
 (99, 16, 22, '할아버지 집으로 필요한 의약품 배달을 부탁드립니다. 여러 종류의 의약품을 약국에서 구입 후 배달, 대략 2시간 소요됩니다.', '서울시 송파구', 2, 20000, '2023-01-03 01:01:01', '2023-01-04 01:01:01', '2023-01-07 01:01:01', '2023-01-07 01:01:01', '2023-01-07 01:01:01', '2023-01-07 01:01:01', 'END', 20000, 1),
 (100, 16, 20, '할아버지 댁으로 우편물 배달을 부탁드립니다. 다양한 곳에서 오는 우편물 수령 및 배달, 대략 2시간 소요됩니다.', '서울시 송파구', 2, 20000, '2023-01-13 01:01:01', '2023-01-14 01:01:01', '2023-01-17 01:01:01', '2023-01-17 01:01:01', '2023-01-17 01:01:01', '2023-01-17 01:01:01', 'END', 20000, 1),
 (139, 16, 18, '할아버지 댁으로 저녁 식사 배달을 부탁드립니다. 인근 한식당에서 포장하여 배달, 대략 2시간 소요됩니다.', '서울시 송파구', 2, 20000, '2023-01-20 01:01:01', '2023-01-21 01:01:01', '2023-01-24 01:01:01', '2023-01-24 01:01:01', '2023-01-24 01:01:01', '2023-01-24 01:01:01', 'END', 20000, 1),
 (143, 16, 19, '할머니 댁에 생활 필수품을 배달해주실 분을 찾고 있습니다. 가까운 슈퍼마켓에서 구입 후 배달, 약 2시간 소요됩니다.', '서울시 송파구', 2, 20000, '2023-02-03 01:01:01', '2023-02-04 01:01:01', '2023-02-07 01:01:01', '2023-02-07 01:01:01', '2023-02-07 01:01:01', '2023-02-07 01:01:01', 'END', 20000, 1),
 (144, 16, 38, '할머니께서 가고 싶어하시는 연극 티켓을 예매해주실 분을 찾고 있습니다. 온라인 예매 도움 필요, 약 1시간 소요될 예정입니다.', '서울시 송파구', 1, 10000, '2023-02-13 01:01:01', '2023-02-14 01:01:01', '2023-02-17 01:01:01', '2023-02-17 01:01:01', '2023-02-17 01:01:01', '2023-02-17 01:01:01', 'END', 10000, 1),
 (156, 16, 39, '할머니 댁에서 소포를 택배로 보내드릴 분을 찾습니다. 포장과 접수 지원, 약 1시간 소요됩니다.', '서울시 송파구', 1, 10000, '2023-02-20 01:01:01', '2023-02-21 01:01:01', '2023-02-24 01:01:01', '2023-02-24 01:01:01', '2023-02-24 01:01:01', '2023-02-24 01:01:01', 'END', 10000, 1),
 (157, 16, 41, '할머니께서 집에서 이발 서비스를 받고 싶어 하십니다. 간단한 커트와 정리, 약 1시간 소요될 예정입니다.', '서울시 송파구', 1, 11000, '2023-03-03 01:01:01', '2023-03-04 01:01:01', '2023-03-07 01:01:01', '2023-03-07 01:01:01', '2023-03-07 01:01:01', '2023-03-07 01:01:01', 'END', 11000, 1),
 (162, 16, 38, '할아버지와 함께 갈 기차표를 예매해주실 분을 구합니다. 날짜와 시간 선택 도움, 약 1시간 소요됩니다.', '서울시 송파구', 1, 10000, '2023-03-13 01:01:01', '2023-03-14 01:01:01', '2023-03-17 01:01:01', '2023-03-17 01:01:01', '2023-03-17 01:01:01', '2023-03-17 01:01:01', 'END', 10000, 1),
 (163, 16, 40, '할머니께서 인터넷으로 보험 서류를 제출하셔야 합니다. 인터넷 사용과 서류 업로드를 도와주실 분, 약 1시간 소요됩니다.', '서울시 송파구', 1, 10000, '2023-03-20 01:01:01', '2023-03-21 01:01:01', '2023-03-24 01:01:01', '2023-03-24 01:01:01', '2023-03-24 01:01:01', '2023-03-24 01:01:01', 'END', 10000, 1),
 (170, 16, 40, '할아버지께서 인터넷으로 은퇴 연금 신청을 하셔야 합니다. 온라인 신청 절차 도움, 약 1시간 30분 소요됩니다.', '서울시 송파구', 1, 10000, '2023-04-03 01:01:01', '2023-04-04 01:01:01', '2023-04-07 01:01:01', '2023-04-07 01:01:01', '2023-04-07 01:01:01', '2023-04-07 01:01:01', 'END', 10000, 1),
 (171, 16, 41, '할아버지께서 집에서 이발 서비스를 받고 싶어 하십니다. 간단한 커트와 정리, 약 1시간 소요될 예정입니다.', '서울시 송파구', 1, 11000, '2023-04-13 01:01:01', '2023-04-14 01:01:01', '2023-04-17 01:01:01', '2023-04-17 01:01:01', '2023-04-17 01:01:01', '2023-04-17 01:01:01', 'END', 11000, 1),
 (172, 16, 40, '어머니를 위해 온라인 쇼핑몰에서 주문을 도와주실 분을 찾습니다. 제품 선택부터 결제까지, 대략 1시간 정도 소요될 것으로 예상됩니다.', '서울시 송파구', 1, 11000, '2023-04-20 01:01:01', '2023-04-21 01:01:01', '2023-04-24 01:01:01', '2023-04-24 01:01:01', '2023-04-24 01:01:01', '2023-04-24 01:01:01', 'END', 11000, 1),
 (176, 16, 18, '어머니 댁에 특별한 저녁 식사를 배달해주실 분을 구합니다. 멀리 있는 레스토랑에서 주문, 약 2시간 소요될 것으로 예상됩니다.', '서울시 송파구', 2, 22000, '2023-05-03 01:01:01', '2023-05-04 01:01:01', '2023-05-07 01:01:01', '2023-05-07 01:01:01', '2023-05-07 01:01:01', '2023-05-07 01:01:01', 'END', 22000, 1),
 (177, 16, 20, '어머니 댁에 특별한 우편물을 배달해주실 분을 구합니다. 여러 군데에서 오는 우편물을 모아서 배달, 약 2시간 소요될 것으로 예상됩니다.', '서울시 송파구', 2, 22000, '2023-05-13 01:01:01', '2023-05-14 01:01:01', '2023-05-17 01:01:01', '2023-05-17 01:01:01', '2023-05-17 01:01:01', '2023-05-17 01:01:01', 'END', 22000, 1),
 (99, 16, 22, '어머니 댁에 특정 의약품을 배달해주실 분을 구합니다. 멀리 있는 대형 약국에서 구입 후 배달, 약 2시간 소요될 것으로 예상됩니다.', '서울시 송파구', 2, 22000, '2023-05-20 01:01:01', '2023-05-21 01:01:01', '2023-05-24 01:01:01', '2023-05-24 01:01:01', '2023-05-24 01:01:01', '2023-05-24 01:01:01', 'END', 22000, 1),
 (100, 16, 19, '할아버지 댁으로 생활용품 배달을 부탁드립니다. 주방용품 및 청소용품 포함, 대략 2시간 정도 소요됩니다.', '서울시 송파구', 2, 22000, '2023-06-03 01:01:01', '2023-06-04 01:01:01', '2023-06-07 01:01:01', '2023-06-07 01:01:01', '2023-06-07 01:01:01', '2023-06-07 01:01:01', 'END', 22000, 1),
 (139, 16, 21, '할아버지 집으로 세탁물 배달을 부탁드립니다. 대량의 세탁물을 세탁소에서 가져와 배달, 대략 2시간 소요됩니다.', '서울시 송파구', 2, 22000, '2023-06-13 01:01:01', '2023-06-14 01:01:01', '2023-06-17 01:01:01', '2023-06-17 01:01:01', '2023-06-17 01:01:01', '2023-06-17 01:01:01', 'END', 22000, 1),
 (143, 16, 19, '어머니 댁에 일상 사용하는 생활용품을 배달해주실 분을 구합니다. 대형 마트에서 구입 후 배달, 약 2시간 소요될 것으로 예상됩니다.', '서울시 송파구', 2, 22000, '2023-06-20 01:01:01', '2023-06-21 01:01:01', '2023-06-24 01:01:01', '2023-06-24 01:01:01', '2023-06-24 01:01:01', '2023-06-24 01:01:01', 'END', 22000, 1),
 (144, 16, 21, '어머니 댁으로 세탁물 배달을 도와주실 분을 구합니다. 특별한 의류 세탁 포함, 약 2시간 소요될 것으로 예상됩니다.', '서울시 송파구', 2, 22000, '2023-07-03 01:01:01', '2023-07-04 01:01:01', '2023-07-07 01:01:01', '2023-07-07 01:01:01', '2023-07-07 01:01:01', '2023-07-07 01:01:01', 'END', 22000, 1),
 (156, 16, 38, '어머니를 위해 전시회 티켓을 예매해주실 분을 찾습니다. 인터넷을 통한 예매 방법 안내, 대략 1시간 정도 소요될 것으로 예상됩니다.', '서울시 송파구', 1, 11000, '2023-07-13 01:01:01', '2023-07-14 01:01:01', '2023-07-17 01:01:01', '2023-07-17 01:01:01', '2023-07-17 01:01:01', '2023-07-17 01:01:01', 'END', 11000, 1),
 (157, 16, 41, '어머니를 위한 가정 방문 미용 서비스를 찾고 있습니다. 헤어 스타일링 및 기본 메이크업, 약 1시간 소요됩니다.', '서울시 송파구', 1, 12000, '2023-07-20 01:01:01', '2023-07-21 01:01:01', '2023-07-24 01:01:01', '2023-07-24 01:01:01', '2023-07-24 01:01:01', '2023-07-24 01:01:01', 'END', 12000, 1),
 (162, 16, 39, '할아버지 댁에 방문해 여러 상자를 택배로 부치는 데 도움을 주실 분을 구합니다. 물건 정리와 접수, 약 2시간 소요될 예정입니다.', '서울시 송파구', 2, 24000, '2023-08-03 01:01:01', '2023-08-04 01:01:01', '2023-08-07 01:01:01', '2023-08-07 01:01:01', '2023-08-07 01:01:01', '2023-08-07 01:01:01', 'END', 24000, 1),
 (163, 16, 39, '어머니 댁에서 중요한 서류를 택배로 보내드릴 분을 찾고 있습니다. 신속하고 안전하게 처리, 약 1시간 소요됩니다.', '서울시 송파구', 1, 12000, '2023-08-13 01:01:01', '2023-08-14 01:01:01', '2023-08-17 01:01:01', '2023-08-17 01:01:01', '2023-08-17 01:01:01', '2023-08-17 01:01:01', 'END', 12000, 1),
 (170, 16, 38, '할머니를 위해 클래식 음악회 티켓을 예매해주실 분을 찾습니다. 최적의 좌석 선택이 중요합니다. 약 1시간 소요됩니다.', '서울시 송파구', 1, 12000, '2023-08-20 01:01:01', '2023-08-21 01:01:01', '2023-08-24 01:01:01', '2023-08-24 01:01:01', '2023-08-24 01:01:01', '2023-08-24 01:01:01', 'END', 12000, 1),
 (171, 16, 39, '할머니 댁에서의 소포를 택배로 보내주실 분을 찾습니다. 포장과 접수를 해주시면 됩니다. 약 1시간 소요됩니다.', '서울시 송파구', 1, 12000, '2023-09-03 01:01:01', '2023-09-04 01:01:01', '2023-09-07 01:01:01', '2023-09-07 01:01:01', '2023-09-07 01:01:01', '2023-09-07 01:01:01', 'END', 12000, 1),
 (172, 16, 41, '할머니와 함께 아침 조깅을 할 수 있는 분을 구합니다. 근처 공원에서 1시간 정도 조깅할 예정입니다.', '서울시 송파구', 1, 12000, '2023-09-13 01:01:01', '2023-09-14 01:01:01', '2023-09-17 01:01:01', '2023-09-17 01:01:01', '2023-09-17 01:01:01', '2023-09-17 01:01:01', 'END', 12000, 1),
 (176, 16, 22, '할머니 댁으로 일반적인 건강 보조제와 의약품을 배달해주실 분을 찾고 있습니다. 가까운 약국에서 구입 후 배달, 약 1시간 소요됩니다.', '서울시 송파구', 1, 12000, '2023-09-20 01:01:01', '2023-09-21 01:01:01', '2023-09-24 01:01:01', '2023-09-24 01:01:01', '2023-09-24 01:01:01', '2023-09-24 01:01:01', 'END', 12000, 1),
 (177, 16, 21, '할머니 댁으로 세탁된 가정용 섬유류를 배달해주실 분을 찾고 있습니다. 침구류와 테이블보 등, 약 1시간 소요됩니다.', '서울시 송파구', 1, 12000, '2023-10-03 01:01:01', '2023-10-04 01:01:01', '2023-10-07 01:01:01', '2023-10-07 01:01:01', '2023-10-07 01:01:01', '2023-10-07 01:01:01', 'END', 12000, 1),
 (144, 16, 20, '할머니 댁으로 여러 우편물과 편지를 배달해주실 분을 찾고 있습니다. 여러 우체국에서 수령 후 배달, 약 1시간 소요됩니다.', '서울시 송파구', 1, 12000, '2023-10-13 01:01:01', '2023-10-14 01:01:01', '2023-10-17 01:01:01', '2023-10-17 01:01:01', '2023-10-17 01:01:01', '2023-10-17 01:01:01', 'END', 12000, 1),
 (156, 16, 18, '할머니 댁에 점심 식사를 배달해주실 분을 찾습니다. 근처 식당에서 포장 배달, 약 1시간 소요 예상합니다.', '서울시 송파구', 1, 12000, '2023-10-20 01:01:01', '2023-10-21 01:01:01', '2023-10-24 01:01:01', '2023-10-24 01:01:01', '2023-10-24 01:01:01', '2023-10-24 01:01:01', 'END', 12000, 1),
 (75, 18, 18, '할아버지 집으로 저녁 식사 배달을 부탁드립니다. 가까운 한식당에서 포장 배달, 약 1시간 소요됩니다.', '서울시 강남구', 1, 10000, '2023-01-03 01:01:01', '2023-01-04 01:01:01', '2023-01-07 01:01:01', '2023-01-07 01:01:01', '2023-01-07 01:01:01', '2023-01-07 01:01:01', 'END', 10000, 1),
 (92, 18, 20, '어머니 댁에 개인적인 우편물과 소포를 배달해주실 분을 구합니다. 신중한 처리와 배달이 필요하고, 약 2시간 소요됩니다.', '서울시 강남구', 2, 20000, '2023-01-13 01:01:01', '2023-01-14 01:01:01', '2023-01-17 01:01:01', '2023-01-17 01:01:01', '2023-01-17 01:01:01', '2023-01-17 01:01:01', 'END', 20000, 1),
 (96, 18, 15, '할아버지 댁의 주말 점심 식사 후 설거지를 도와주실 분을 구합니다. 약 2시간 소요됩니다.', '서울시 강남구', 2, 20000, '2023-01-20 01:01:01', '2023-01-21 01:01:01', '2023-01-24 01:01:01', '2023-01-24 01:01:01', '2023-01-24 01:01:01', '2023-01-24 01:01:01', 'END', 20000, 1),
 (101, 18, 13, '할머니 댁에서 대청소를 해주실 분을 구합니다.약 4시간 소요됩니다.', '서울시 강남구', 4, 40000, '2023-02-03 01:01:01', '2023-02-04 01:01:01', '2023-02-07 01:01:01', '2023-02-07 01:01:01', '2023-02-07 01:01:01', '2023-02-07 01:01:01', 'END', 40000, 1),
 (102, 18, 12, '할머니와 함께 근교 휴양지로 주말 드라이브를 도와주실 분을 구합니다. 약 12시간 소요됩니다.', '서울시 강남구', 12, 10000, '2023-02-13 01:01:01', '2023-02-14 01:01:01', '2023-02-17 01:01:01', '2023-02-17 01:01:01', '2023-02-17 01:01:01', '2023-02-17 01:01:01', 'END', 120000, 1),
 (103, 18, 2, '할아버지와 저녁 식사를 함께하실 분을 구합니다. 가까운 한식당에서 즐거운 시간을 보낼 수 있는 분이면 좋겠습니다. 대략 2시간 소요 예상합니다.', '서울시 강남구', 2, 20000, '2023-02-20 01:01:01', '2023-02-21 01:01:01', '2023-02-24 01:01:01', '2023-02-24 01:01:01', '2023-02-24 01:01:01', '2023-02-24 01:01:01', 'END', 20000, 1),
 (133, 18, 1, '어머니와 함께 행정복지센터에 방문하여 신분증 관련 업무를 도와주실 분을 찾습니다. 2시간 정도 소요될 예정입니다.', '서울시 강남구', 2, 20000, '2023-03-03 01:01:01', '2023-03-04 01:01:01', '2023-03-07 01:01:01', '2023-03-07 01:01:01', '2023-03-07 01:01:01', '2023-03-07 01:01:01', 'END', 20000, 1),
 (134, 18, 1, '할머니와 함께 행정복지센터에 연금 신청을 위해 가실 분을 구합니다. 약 2시간 소요 예상합니다.', '서울시 강남구', 2, 20000, '2023-03-13 01:01:01', '2023-03-14 01:01:01', '2023-03-17 01:01:01', '2023-03-17 01:01:01', '2023-03-17 01:01:01', '2023-03-17 01:01:01', 'END', 20000, 1),
 (135, 18, 3, '할아버지와 동네 시장에서 장을 보고 올 분을 구합니다. 신선한 식재료를 고르는데 도움을 주실 수 있는 분이면 좋겠습니다. 총 2시간 정도 예상합니다.', '서울시 강남구', 2, 20000, '2023-03-20 01:01:01', '2023-03-21 01:01:01', '2023-03-24 01:01:01', '2023-03-24 01:01:01', '2023-03-24 01:01:01', '2023-03-24 01:01:01', 'END', 20000, 1),
 (136, 18, 3, '할머니와 함께 근처 마트에서 장보실 분을 구합니다. 약 1시간 소요 예상하며, 이동시간까지 고려해서 총 2시간 정도 소요될 예정입니다.', '서울시 강남구', 2, 20000, '2023-04-03 01:01:01', '2023-04-04 01:01:01', '2023-04-07 01:01:01', '2023-04-07 01:01:01', '2023-04-07 01:01:01', '2023-04-07 01:01:01', 'END', 20000, 1),
 (137, 18, 7, '할아버지와 함께 은행 업무를 보실 분을 구합니다. 예금 관련 업무와 상담을 도와주실 수 있는 분. 약 2시간 소요됩니다.', '서울시 강남구', 2, 11000, '2023-04-13 01:01:01', '2023-04-14 01:01:01', '2023-04-17 01:01:01', '2023-04-17 01:01:01', '2023-04-17 01:01:01', '2023-04-17 01:01:01', 'END', 22000, 1),
 (138, 18, 9, '할머니와 함께 대학 병원에 가실 분을 찾습니다. 정기 검진을 위해 동행해주실 분이 필요합니다. 약 3시간 소요 예상합니다.', '서울시 강남구', 3, 11000, '2023-04-20 01:01:01', '2023-04-21 01:01:01', '2023-04-24 01:01:01', '2023-04-24 01:01:01', '2023-04-24 01:01:01', '2023-04-24 01:01:01', 'END', 33000, 1),
 (141, 18, 11, '할머니를 국제선 비행을 위해 공항까지 데려다주실 분을 구합니다. 다음 주 약 3시간 소요됩니다.', '서울시 강남구', 3, 11000, '2023-05-03 01:01:01', '2023-05-04 01:01:01', '2023-05-07 01:01:01', '2023-05-07 01:01:01', '2023-05-07 01:01:01', '2023-05-07 01:01:01', 'END', 33000, 1),
 (142, 18, 15, '어머니 댁에서의 대규모 식사 모임 후 설거지를 도와주실 분을 찾고 있습니다. 약 2시간 소요될 것으로 예상됩니다.', '서울시 강남구', 2, 11000, '2023-05-13 01:01:01', '2023-05-14 01:01:01', '2023-05-17 01:01:01', '2023-05-17 01:01:01', '2023-05-17 01:01:01', '2023-05-17 01:01:01', 'END', 22000, 1),
 (145, 18, 16, '할머니 댁에서 가구 재배치를 도와주실 분을 찾습니다. 가벼운 가구 몇 개 옮기기, 약 1시간 소요됩니다.', '서울시 강남구', 1, 11000, '2023-05-20 01:01:01', '2023-05-21 01:01:01', '2023-05-24 01:01:01', '2023-05-24 01:01:01', '2023-05-24 01:01:01', '2023-05-24 01:01:01', 'END', 11000, 1),
 (146, 18, 17, '할머니 댁의 전등 교체를 도와주실 분을 찾습니다. 간단한 전구 교체, 약 1시간 소요됩니다.', '서울시 강남구', 1, 11000, '2023-06-03 01:01:01', '2023-06-04 01:01:01', '2023-06-07 01:01:01', '2023-06-07 01:01:01', '2023-06-07 01:01:01', '2023-06-07 01:01:01', 'END', 11000, 1),
 (150, 18, 18, '어머니 댁에 특별한 저녁 식사를 배달해주실 분을 구합니다. 멀리 있는 레스토랑에서 주문 배달, 약 2시간 소요됩니다.', '서울시 강남구', 2, 11000, '2023-06-13 01:01:01', '2023-06-14 01:01:01', '2023-06-17 01:01:01', '2023-06-17 01:01:01', '2023-06-17 01:01:01', '2023-06-17 01:01:01', 'END', 22000, 1),
 (151, 18, 19, '할머니 댁에 일상 생활용품을 배달해주실 분을 구합니다. 대형 마트에서 구매 후 배달, 약 1시간 소요됩니다.', '서울시 강남구', 1, 11000, '2023-06-20 01:01:01', '2023-06-21 01:01:01', '2023-06-24 01:01:01', '2023-06-24 01:01:01', '2023-06-24 01:01:01', '2023-06-24 01:01:01', 'END', 11000, 1),
 (152, 18, 19, '할아버지 집으로 필요한 생활용품을 배달해주실 분을 찾습니다. 가까운 슈퍼마켓에서 구매 후 배달, 약 1시간 소요됩니다.', '서울시 강남구', 1, 11000, '2023-07-03 01:01:01', '2023-07-04 01:01:01', '2023-07-07 01:01:01', '2023-07-07 01:01:01', '2023-07-07 01:01:01', '2023-07-07 01:01:01', 'END', 11000, 1),
 (153, 18, 20, '할머니 댁으로 중요한 우편물을 배달해주실 분을 구합니다. 인근 우체국에서 수령 후 배달, 약 1시간 소요됩니다.', '서울시 강남구', 1, 11000, '2023-07-13 01:01:01', '2023-07-14 01:01:01', '2023-07-17 01:01:01', '2023-07-17 01:01:01', '2023-07-17 01:01:01', '2023-07-17 01:01:01', 'END', 11000, 1),
 (158, 18, 21, '할머니 댁에 세탁한 옷을 배달해주실 분을 구합니다. 가까운 세탁소에서 수령 후 배달, 약 1시간 소요됩니다.', '서울시 강남구', 1, 12000, '2023-07-20 01:01:01', '2023-07-21 01:01:01', '2023-07-24 01:01:01', '2023-07-24 01:01:01', '2023-07-24 01:01:01', '2023-07-24 01:01:01', 'END', 12000, 1),
 (159, 18, 22, '할머니 댁에 필요한 일반 의약품을 배달해주실 분을 구합니다. 가까운 약국에서 구입 후 배달, 약 1시간 소요됩니다.', '서울시 강남구', 1, 12000, '2023-08-03 01:01:01', '2023-08-04 01:01:01', '2023-08-07 01:01:01', '2023-08-07 01:01:01', '2023-08-07 01:01:01', '2023-08-07 01:01:01', 'END', 12000, 1),
 (160, 18, 22, '할아버지 집으로 일상적으로 사용하는 의약품을 배달해주실 분을 찾습니다. 여러 종류의 의약품 구입 및 배달, 약 1시간 소요됩니다.', '서울시 강남구', 1, 12000, '2023-08-13 01:01:01', '2023-08-14 01:01:01', '2023-08-17 01:01:01', '2023-08-17 01:01:01', '2023-08-17 01:01:01', '2023-08-17 01:01:01', 'END', 12000, 1),
 (166, 18, 1, '할아버지와 함께 장애인 복지 서비스 신청을 위해 행정복지센터에 가실 분을 찾습니다. 대략 2시간 소요됩니다.', '서울시 강남구', 2, 12000, '2023-08-20 01:01:01', '2023-08-21 01:01:01', '2023-08-24 01:01:01', '2023-08-24 01:01:01', '2023-08-24 01:01:01', '2023-08-24 01:01:01', 'END', 24000, 1),
 (167, 18, 2, '할머니와 함께 점심 식사를 할 수 있는 분을 찾고 있습니다. 인근 식당에서 약 1시간 소요될 예정입니다.', '서울시 강남구', 1, 12000, '2023-09-03 01:01:01', '2023-09-04 01:01:01', '2023-09-07 01:01:01', '2023-09-07 01:01:01', '2023-09-07 01:01:01', '2023-09-07 01:01:01', 'END', 12000, 1),
 (168, 18, 3, '할아버지와 함께 주말 시장에서 장을 보실 분을 찾습니다. 신선한 채소와 과일 구매 예정이며, 대략 2시간 소요됩니다.', '서울시 강남구', 2, 12000, '2023-09-13 01:01:01', '2023-09-14 01:01:01', '2023-09-17 01:01:01', '2023-09-17 01:01:01', '2023-09-17 01:01:01', '2023-09-17 01:01:01', 'END', 24000, 1),
 (169, 18, 4, '할머니와 함께 병원에 가실 분을 구합니다. 간단한 진료와 약 처방을 동행하며 도와주실 수 있는 분. 약 2시간 소요됩니다.', '서울시 강남구', 2, 12000, '2023-09-20 01:01:01', '2023-09-21 01:01:01', '2023-09-24 01:01:01', '2023-09-24 01:01:01', '2023-09-24 01:01:01', '2023-09-24 01:01:01', 'END', 24000, 1),
 (178, 18, 5, '할아버지와 함께 가까운 공원에서 산책하실 분을 구합니다. 약 1시간 동안 가볍게 걸으며 대화를 나눌 수 있는 분이면 좋겠습니다.', '서울시 강남구', 1, 12000, '2023-10-03 01:01:01', '2023-10-04 01:01:01', '2023-10-07 01:01:01', '2023-10-07 01:01:01', '2023-10-07 01:01:01', '2023-10-07 01:01:01', 'END', 12000, 1),
 (179, 18, 5, '할머니와 함께 아름다운 정원을 걸을 분을 찾고 있습니다. 휠체어를 밀어주며 함께 즐거운 시간을 보낼 수 있는 분을 찾습니다. 약 2시간 소요 예상합니다.', '서울시 강남구', 2, 12000, '2023-10-13 01:01:01', '2023-10-14 01:01:01', '2023-10-17 01:01:01', '2023-10-17 01:01:01', '2023-10-17 01:01:01', '2023-10-17 01:01:01', 'END', 24000, 1),
 (136, 18, 6, '어머니와 함께 이발소에 가실 분 구합니다. 간단한 커트와 스타일링을 도와주실 수 있는 분. 대략 2시간 소요 예상합니다.', '서울시 강남구', 2, 12000, '2023-10-20 01:01:01', '2023-10-21 01:01:01', '2023-10-24 01:01:01', '2023-10-24 01:01:01', '2023-10-24 01:01:01', '2023-10-24 01:01:01', 'END', 24000, 1),
 (105, 27, 36, '할머니께 피아노 기초를 가르쳐주실 분을 찾습니다. 2 시간 수업 예상됩니다.', '서울시 서초구', 2, 20000, '2023-01-11 01:01:01', '2023-01-12 01:01:01', '2023-01-15 01:01:01', '2023-01-15 01:01:01', '2023-01-15 01:01:01', '2023-01-15 01:01:01', 'END', 20000, 1),
 (106, 27, 37, '할머니께 퍼즐 게임을 가르쳐주실 분을 찾고 있습니다. 3 시간 수업 예상됩니다.', '서울시 서초구', 3, 30000, '2023-01-19 01:01:01', '2023-01-20 01:01:01', '2023-01-23 01:01:01', '2023-01-23 01:01:01', '2023-01-23 01:01:01', '2023-01-23 01:01:01', 'END', 30000, 1),
 (107, 27, 37, '할머니께 스마트폰 기본 사용법을 가르쳐주실 분을 찾습니다. 2시간 수업 예상됩니다.', '서울시 서초구', 2, 20000, '2023-02-11 01:01:01', '2023-02-12 01:01:01', '2023-02-15 01:01:01', '2023-02-15 01:01:01', '2023-02-15 01:01:01', '2023-02-15 01:01:01', 'END', 20000, 1),
 (108, 27, 17, '할아버지 댁의 부엌과 거실 전등 교체를 도와주실 분을 구합니다. 약 1시간 소요될 것으로 예상됩니다.', '서울시 서초구', 1, 10000, '2023-02-19 01:01:01', '2023-02-20 01:01:01', '2023-02-23 01:01:01', '2023-02-23 01:01:01', '2023-02-23 01:01:01', '2023-02-23 01:01:01', 'END', 10000, 1),
 (109, 27, 16, '할아버지 집에서 새 가구 배치를 도와주실 분을 구합니다. 중형 가구 옮기기 포함, 약 2시간 정도 소요될 것으로 예상됩니다.', '서울시 서초구', 2, 20000, '2023-03-11 01:01:01', '2023-03-12 01:01:01', '2023-03-15 01:01:01', '2023-03-15 01:01:01', '2023-03-15 01:01:01', '2023-03-15 01:01:01', 'END', 20000, 1),
 (125, 27, 5, '할머니와 함께 가까운 공원에서 산책하실 분을 구합니다. 대략 1시간 소요될 것으로 예상됩니다.', '서울시 서초구', 1, 10000, '2023-03-19 01:01:01', '2023-03-20 01:01:01', '2023-03-23 01:01:01', '2023-03-23 01:01:01', '2023-03-23 01:01:01', '2023-03-23 01:01:01', 'END', 10000, 1),
 (126, 27, 4, '어머니와 함께 정기 검진을 위해 병원에 방문하실 분을 찾습니다. 오전 중에 약 3시간 소요될 예정입니다.', '서울시 서초구', 3, 30000, '2023-04-11 01:01:01', '2023-04-12 01:01:01', '2023-04-15 01:01:01', '2023-04-15 01:01:01', '2023-04-15 01:01:01', '2023-04-15 01:01:01', 'END', 30000, 1),
 (127, 27, 8, '할머니와 함께 유명한 해산물 식당에 가실 분을 찾고 있습니다. 총 여행 시간은 3시간 정도로 예상됩니다.', '서울시 서초구', 3, 30000, '2023-04-19 01:01:01', '2023-04-20 01:01:01', '2023-04-23 01:01:01', '2023-04-23 01:01:01', '2023-04-23 01:01:01', '2023-04-23 01:01:01', 'END', 30000, 1),
 (128, 27, 10, '할머니와 함께 시골집에 가실 분을 찾습니다. 드라이브 겸 방문하실 수 있는 분이면 좋겠습니다. 총 여행 시간은 약 5시간입니다.', '서울시 서초구', 5, 50000, '2023-05-11 01:01:01', '2023-05-12 01:01:01', '2023-05-15 01:01:01', '2023-05-15 01:01:01', '2023-05-15 01:01:01', '2023-05-15 01:01:01', 'END', 50000, 1),
 (164, 27, 11, '할아버지를 국내선 비행기 탑승을 위해 공항까지 데려다주실 분을 찾습니다. 이번 주 목요일, 약 2시간 소요됩니다.', '서울시 서초구', 2, 20000, '2023-05-19 01:01:01', '2023-05-20 01:01:01', '2023-05-23 01:01:01', '2023-05-23 01:01:01', '2023-05-23 01:01:01', '2023-05-23 01:01:01', 'END', 20000, 1),
 (165, 27, 13, '할아버지 댁에서 청소를 도와주실 분을 찾습니다. 약 3시간 소요됩니다.', '서울시 서초구', 3, 33000, '2023-06-11 01:01:01', '2023-06-12 01:01:01', '2023-06-15 01:01:01', '2023-06-15 01:01:01', '2023-06-15 01:01:01', '2023-06-15 01:01:01', 'END', 33000, 1),
 (105, 27, 14, '할머니 댁의 빨래 및 세탁을 도와주실 분을 구합니다. 세탁기 사용과 빨래 널기 포함, 약 2시간 소요됩니다.', '서울시 서초구', 2, 22000, '2023-06-19 01:01:01', '2023-06-20 01:01:01', '2023-06-23 01:01:01', '2023-06-23 01:01:01', '2023-06-23 01:01:01', '2023-06-23 01:01:01', 'END', 22000, 1),
 (106, 27, 14, '어머니 댁에서 옷과 침구류 세탁을 도와주실 분을 구합니다. 세탁 후 정리까지, 약 3시간 소요됩니다.', '서울시 서초구', 3, 33000, '2023-07-11 01:01:01', '2023-07-12 01:01:01', '2023-07-15 01:01:01', '2023-07-15 01:01:01', '2023-07-15 01:01:01', '2023-07-15 01:01:01', 'END', 33000, 1),
 (126, 27, 15, '할머니 댁에서 저녁 식사 후 설거지를 도와주실 분을 구합니다. 약 2시간 소요됩니다.', '서울시 서초구', 2, 22000, '2023-07-19 01:01:01', '2023-07-20 01:01:01', '2023-07-23 01:01:01', '2023-07-23 01:01:01', '2023-07-23 01:01:01', '2023-07-23 01:01:01', 'END', 22000, 1),
 (127, 27, 15, '할아버지 댁에서 설거지를 도와주실 분을 찾습니다. 약 2시간 소요됩니다.', '서울시 서초구', 2, 22000, '2023-08-11 01:01:01', '2023-08-12 01:01:01', '2023-08-15 01:01:01', '2023-08-15 01:01:01', '2023-08-15 01:01:01', '2023-08-15 01:01:01', 'END', 22000, 1),
 (128, 27, 17, '어머니 댁의 여러 방 전등 교체를 도와주실 분을 찾고 있습니다. 약 2시간 소요될 예정입니다.', '서울시 서초구', 2, 22000, '2023-08-19 01:01:01', '2023-08-20 01:01:01', '2023-08-23 01:01:01', '2023-08-23 01:01:01', '2023-08-23 01:01:01', '2023-08-23 01:01:01', 'END', 22000, 1),
 (107, 27, 16, '할머니와 함께 사는 집에서 가구 정리를 도와주실 분을 구합니다. 약 1시간 소요됩니다.', '서울시 서초구', 1, 11000, '2023-09-11 01:01:01', '2023-09-12 01:01:01', '2023-09-15 01:01:01', '2023-09-15 01:01:01', '2023-09-15 01:01:01', '2023-09-15 01:01:01', 'END', 11000, 1),
 (108, 27, 36, '할머니께 아코디언 기초를 가르쳐주실 분을 구합니다. 약 2시간씩 수업.', '서울시 서초구', 2, 22000, '2023-09-19 01:01:01', '2023-09-20 01:01:01', '2023-09-23 01:01:01', '2023-09-23 01:01:01', '2023-09-23 01:01:01', '2023-09-23 01:01:01', 'END', 22000, 1),
 (109, 27, 37, '할아버지께 보드 게임을 가르쳐주실 분을 구합니다. 가족과 함께 즐길 수 있는 게임, 2시간 수업 예정입니다.', '서울시 서초구', 2, 22000, '2023-10-11 01:01:01', '2023-10-12 01:01:01', '2023-10-15 01:01:01', '2023-10-15 01:01:01', '2023-10-15 01:01:01', '2023-10-15 01:01:01', 'END', 22000, 1),
 (125, 27, 37, '할머니와 함께 간단한 보드 게임을 즐길 수 있는 분을 찾습니다. 2시간 소요 예정.', '서울시 서초구', 2, 22000, '2023-10-19 01:01:01', '2023-10-20 01:01:01', '2023-10-23 01:01:01', '2023-10-23 01:01:01', '2023-10-23 01:01:01', '2023-10-23 01:01:01', 'END', 22000, 1),
 (120, 37, 1, '어머니와 함께 주민등록증 갱신을 위해 행정복지센터에 방문하실 분을 구합니다. 약 1시간 소요 예상합니다.', '서울시 중구', 1, 10000, '2023-01-01 01:01:01', '2023-01-02 01:01:01', '2023-01-05 01:01:01', '2023-01-05 01:01:01', '2023-01-05 01:01:01', '2023-01-05 01:01:01', 'END', 10000, 1),
 (121, 37, 1, '할아버지와 함께 주거지원 서비스 신청을 위해 행정복지센터에 가실 분을 찾습니다. 약 2시간 소요될 것으로 예상됩니다.', '서울시 중구', 2, 20000, '2023-01-07 01:01:01', '2023-01-08 01:01:01', '2023-01-11 01:01:01', '2023-01-11 01:01:01', '2023-01-11 01:01:01', '2023-01-11 01:01:01', 'END', 20000, 1),
 (122, 37, 1, '할아버지와 함께 저녁 식사하실 분을 구합니다. 가까운 한식당에서 약 2시간 소요됩니다.', '서울시 중구', 2, 20000, '2023-01-12 01:01:01', '2023-01-13 01:01:01', '2023-01-16 01:01:01', '2023-01-16 01:01:01', '2023-01-16 01:01:01', '2023-01-16 01:01:01', 'END', 20000, 1),
 (121, 37, 1, '어머니와 함께 가볍게 아침 식사를 하실 분을 찾습니다. 근처 카페에서 약 1시간 소요됩니다.', '서울시 중구', 1, 10000, '2023-01-19 01:01:01', '2023-01-20 01:01:01', '2023-01-23 01:01:01', '2023-01-23 01:01:01', '2023-01-23 01:01:01', '2023-01-23 01:01:01', 'END', 10000, 1),
 (122, 37, 1, '할아버지와 함께 점심 약속을 잡으실 분을 구합니다. 가까운 식당에서 약 2시간 소요됩니다.', '서울시 중구', 2, 20000, '2023-02-01 01:01:01', '2023-02-02 01:01:01', '2023-02-05 01:01:01', '2023-02-05 01:01:01', '2023-02-05 01:01:01', '2023-02-05 01:01:01', 'END', 20000, 1),
 (123, 37, 1, '할머니와 함께 동네 병원에 정기 검진을 위해 가실 분을 구합니다. 약 2시간 소요될 것으로 예상됩니다.', '서울시 중구', 2, 20000, '2023-02-07 01:01:01', '2023-02-08 01:01:01', '2023-02-11 01:01:01', '2023-02-11 01:01:01', '2023-02-11 01:01:01', '2023-02-11 01:01:01', 'END', 20000, 1),
 (173, 37, 1, '할아버지와 함께 병원에 처방전을 받으러 가실 분을 찾습니다. 대략 1시간 소요됩니다.', '서울시 중구', 1, 10000, '2023-02-12 01:01:01', '2023-02-13 01:01:01', '2023-02-16 01:01:01', '2023-02-16 01:01:01', '2023-02-16 01:01:01', '2023-02-16 01:01:01', 'END', 10000, 1),
 (174, 37, 1, '할아버지와 함께 인근 강변에서 산책하실 분을 찾습니다. 약 2시간 소요됩니다.', '서울시 중구', 2, 20000, '2023-02-19 01:01:01', '2023-02-20 01:01:01', '2023-02-23 01:01:01', '2023-02-23 01:01:01', '2023-02-23 01:01:01', '2023-02-23 01:01:01', 'END', 20000, 1),
 (175, 37, 1, '어머니와 함께 진료 예약을 위해 가까운 병원에 방문하실 분을 구합니다. 약 1시간 소요됩니다.', '서울시 중구', 1, 10000, '2023-03-01 01:01:01', '2023-03-02 01:01:01', '2023-03-05 01:01:01', '2023-03-05 01:01:01', '2023-03-05 01:01:01', '2023-03-05 01:01:01', 'END', 10000, 1),
 (120, 37, 1, '어머니와 함께 아름다운 정원을 산책하실 분을 구합니다. 대략 1시간 소요될 것으로 예상됩니다.', '서울시 중구', 1, 10000, '2023-03-07 01:01:01', '2023-03-08 01:01:01', '2023-03-11 01:01:01', '2023-03-11 01:01:01', '2023-03-11 01:01:01', '2023-03-11 01:01:01', 'END', 10000, 1),
 (131, 37, 1, '할머니와 함께 가까운 미용실에 가실 분을 구합니다. 헤어 스타일링과 간단한 메이크업, 약 2시간 소요됩니다.', '서울시 중구', 2, 22000, '2023-03-12 01:01:01', '2023-03-13 01:01:01', '2023-03-16 01:01:01', '2023-03-16 01:01:01', '2023-03-16 01:01:01', '2023-03-16 01:01:01', 'END', 22000, 1),
 (120, 37, 1, '할아버지와 함께 이발을 위해 동네 미용실에 가실 분을 찾습니다. 약 1시간 소요됩니다.', '서울시 중구', 1, 11000, '2023-03-19 01:01:01', '2023-03-20 01:01:01', '2023-03-23 01:01:01', '2023-03-23 01:01:01', '2023-03-23 01:01:01', '2023-03-23 01:01:01', 'END', 11000, 1),
 (132, 37, 1, '어머니와 함께 은행 방문하실 분을 찾습니다. 계좌 개설 및 다른 간단한 은행 업무를 도와주실 수 있는 분. 대략 2시간 소요 예상합니다.', '서울시 중구', 2, 22000, '2023-04-01 01:01:01', '2023-04-02 01:01:01', '2023-04-05 01:01:01', '2023-04-05 01:01:01', '2023-04-05 01:01:01', '2023-04-05 01:01:01', 'END', 22000, 1),
 (90, 37, 1, '어머니와 함께 특별한 날을 위해 미용실에 가실 분을 구합니다. 스타일링과 메이크업, 약 3시간 소요될 것으로 예상됩니다.', '서울시 중구', 3, 33000, '2023-04-07 01:01:01', '2023-04-08 01:01:01', '2023-04-11 01:01:01', '2023-04-11 01:01:01', '2023-04-11 01:01:01', '2023-04-11 01:01:01', 'END', 33000, 1),
 (91, 37, 1, '어머니와 함께 대학 병원에 가실 분을 찾고 있습니다. 복잡한 병원 절차에 도움을 주실 수 있는 분이면 좋겠습니다. 대략 3시간 소요됩니다.', '서울시 중구', 3, 33000, '2023-04-12 01:01:01', '2023-04-13 01:01:01', '2023-04-16 01:01:01', '2023-04-16 01:01:01', '2023-04-16 01:01:01', '2023-04-16 01:01:01', 'END', 33000, 1),
 (93, 37, 1, '할아버지와 함께 해안가 드라이브를 가실 분을 구합니다. 편안한 드라이브를 즐길 수 있는 분이 필요합니다. 왕복 6시간 정도 예상됩니다.', '서울시 중구', 6, 66000, '2023-04-19 01:01:01', '2023-04-20 01:01:01', '2023-04-23 01:01:01', '2023-04-23 01:01:01', '2023-04-23 01:01:01', '2023-04-23 01:01:01', 'END', 66000, 1),
 (94, 37, 1, '할아버지와 함께 멀리 있는 과수원에 가실 분을 구합니다. 풍경을 즐기며 드라이브하실 수 있는 분. 약 6시간 소요될 예정입니다.', '서울시 중구', 6, 66000, '2023-05-01 01:01:01', '2023-05-02 01:01:01', '2023-05-05 01:01:01', '2023-05-05 01:01:01', '2023-05-05 01:01:01', '2023-05-05 01:01:01', 'END', 66000, 1),
 (120, 37, 1, '어머니를 해외여행을 위해 공항까지 데려다주실 분을 구합니다. 약 4시간 소요됩니다.', '서울시 중구', 4, 44000, '2023-05-07 01:01:01', '2023-05-08 01:01:01', '2023-05-11 01:01:01', '2023-05-11 01:01:01', '2023-05-11 01:01:01', '2023-05-11 01:01:01', 'END', 44000, 1),
 (121, 37, 1, '할아버지를 해변가 휴양지로 모셔다 주실 분을 찾습니다. 왕복 6시간 소요 예정됩니다.', '서울시 중구', 6, 66000, '2023-05-12 01:01:01', '2023-05-13 01:01:01', '2023-05-16 01:01:01', '2023-05-16 01:01:01', '2023-05-16 01:01:01', '2023-05-16 01:01:01', 'END', 66000, 1),
 (122, 37, 1, '어머니 댁에서 대청소를 도와주실 분을 구합니다. 약 5시간 소요됩니다.', '서울시 중구', 5, 55000, '2023-05-19 01:01:01', '2023-05-20 01:01:01', '2023-05-23 01:01:01', '2023-05-23 01:01:01', '2023-05-23 01:01:01', '2023-05-23 01:01:01', 'END', 55000, 1),
 (121, 37, 1, '할머니 댁에서 주 빨래와 세탁을 도와주실 분을 구합니다. 각 2시간 소요예정입니다.', '서울시 중구', 4, 48000, '2023-06-01 01:01:01', '2023-06-02 01:01:01', '2023-06-05 01:01:01', '2023-06-05 01:01:01', '2023-06-05 01:01:01', '2023-06-05 01:01:01', 'END', 48000, 1),
 (122, 37, 1, '할아버지 댁에서 빨래와 세탁을 도와주실 분을 찾습니다. 약 3시간 소요됩니다.', '서울시 중구', 3, 36000, '2023-06-07 01:01:01', '2023-06-08 01:01:01', '2023-06-11 01:01:01', '2023-06-11 01:01:01', '2023-06-11 01:01:01', '2023-06-11 01:01:01', 'END', 36000, 1),
 (123, 37, 1, '어머니 댁에서 설거지를 도와주실 분을 구합니다. 2시간 소요됩니다.', '서울시 중구', 2, 24000, '2023-06-12 01:01:01', '2023-06-13 01:01:01', '2023-06-16 01:01:01', '2023-06-16 01:01:01', '2023-06-16 01:01:01', '2023-06-16 01:01:01', 'END', 24000, 1),
 (173, 37, 1, '할머니 댁에서 전등 교체 작업을 도와주실 분을 구합니다. 약 2시간 소요됩니다.', '서울시 중구', 2, 24000, '2023-06-19 01:01:01', '2023-06-20 01:01:01', '2023-06-23 01:01:01', '2023-06-23 01:01:01', '2023-06-23 01:01:01', '2023-06-23 01:01:01', 'END', 24000, 1),
 (174, 37, 1, '할아버지 댁에서 방 전등 교체를 도와주실 분을 찾습니다. 약 1시간 소요됩니다.', '서울시 중구', 1, 12000, '2023-07-01 01:01:01', '2023-07-02 01:01:01', '2023-07-05 01:01:01', '2023-07-05 01:01:01', '2023-07-05 01:01:01', '2023-07-05 01:01:01', 'END', 12000, 1),
 (175, 37, 1, '어머니 댁의 방 정리를 위해 가구 옮기기를 도와주실 분을 찾고 있습니다. 대략 2시간 소요됩니다.', '서울시 중구', 2, 24000, '2023-07-07 01:01:01', '2023-07-08 01:01:01', '2023-07-11 01:01:01', '2023-07-11 01:01:01', '2023-07-11 01:01:01', '2023-07-11 01:01:01', 'END', 24000, 1),
 (120, 37, 16, '할머니 댁에서 가구 재배치를 도와주실 분을 구합니다. 약 3시간 소요됩니다.', '서울시 중구', 3, 12000, '2023-07-12 01:01:01', '2023-07-13 01:01:01', '2023-07-16 01:01:01', '2023-07-16 01:01:01', '2023-07-16 01:01:01', '2023-07-16 01:01:01', 'END', 36000, 1),
 (131, 37, 12, '어머니와 함께 드라이브 하며 휴식을 취할 수 있는 분을 구합니다. 5시간 소요됩니다.', '서울시 중구', 5, 12000, '2023-07-19 01:01:01', '2023-07-20 01:01:01', '2023-07-23 01:01:01', '2023-07-23 01:01:01', '2023-07-23 01:01:01', '2023-07-23 01:01:01', 'END', 60000, 1),
 (120, 37, 10, '할머니를 먼 친척 집에 데려다주실 운전기사를 구합니다. 약 6시간 왕복 소요됩니다.', '서울시 중구', 6, 72000, '2023-08-01 01:01:01', '2023-08-02 01:01:01', '2023-08-05 01:01:01', '2023-08-05 01:01:01', '2023-08-05 01:01:01', '2023-08-05 01:01:01', 'END', 72000, 1),
 (132, 37, 9, '할아버지와 함께 대학 병원에 다녀오실 분을 구합니다. 외래 진료를 위해 동행해주실 분. 약 4시간 소요 예상합니다.', '서울시 중구', 4, 48000, '2023-08-07 01:01:01', '2023-08-08 01:01:01', '2023-08-11 01:01:01', '2023-08-11 01:01:01', '2023-08-11 01:01:01', '2023-08-11 01:01:01', 'END', 48000, 1),
 (90, 37, 9, '할머니와 함께 대학 병원에 가실 분을 찾습니다. 전문의와의 상담이 있어 동행이 필요합니다. 왕복 포함 약 4시간 소요될 것으로 예상됩니다.', '서울시 중구', 4, 52000, '2023-08-12 01:01:01', '2023-08-13 01:01:01', '2023-08-16 01:01:01', '2023-08-16 01:01:01', '2023-08-16 01:01:01', '2023-08-16 01:01:01', 'END', 52000, 1),
 (91, 37, 1, '어머니와 함께 전통 한식집에 다녀오실 분을 찾습니다. 여행 시간은 대략 3시간 예상합니다.', '서울시 중구', 3, 39000, '2023-08-19 01:01:01', '2023-08-20 01:01:01', '2023-08-23 01:01:01', '2023-08-23 01:01:01', '2023-08-23 01:01:01', '2023-08-23 01:01:01', 'END', 39000, 1),
 (93, 37, 8, '할머니와 함께 멀리 있는 유명한 국수집에 가실 분을 구합니다. 왕복 이동시간 포함 총 4시간 소요됩니다.', '서울시 중구', 4, 52000, '2023-09-01 01:01:01', '2023-09-02 01:01:01', '2023-09-05 01:01:01', '2023-09-05 01:01:01', '2023-09-05 01:01:01', '2023-09-05 01:01:01', 'END', 52000, 1),
 (94, 37, 9, '할머니를 대학 병원의 정기 검진에 데려다주실 분을 구합니다. 약 4시간 소요됩니다.', '서울시 중구', 4, 52000, '2023-09-07 01:01:01', '2023-09-08 01:01:01', '2023-09-11 01:01:01', '2023-09-11 01:01:01', '2023-09-11 01:01:01', '2023-09-11 01:01:01', 'END', 52000, 1),
 (69, 37, 13, '할머니 댁에서 창문 청소를 해주실 분을 구합니다. 약 2시간 소요됩니다.', '서울시 중구', 2, 26000, '2023-09-12 01:01:01', '2023-09-13 01:01:01', '2023-09-16 01:01:01', '2023-09-16 01:01:01', '2023-09-16 01:01:01', '2023-09-16 01:01:01', 'END', 26000, 1),
 (70, 37, 13, '어머니 댁에서 빨래와 세탁을 도와주실 분을 구합니다. 약 2시간 소요됩니다.', '서울시 중구', 2, 26000, '2023-09-19 01:01:01', '2023-09-20 01:01:01', '2023-09-23 01:01:01', '2023-09-23 01:01:01', '2023-09-23 01:01:01', '2023-09-23 01:01:01', 'END', 26000, 1),
 (173, 37, 15, '할머니 댁에서 아침 식사 후 설거지를 도와주실 분을 구합니다. 약 1시간이 소요됩니다.', '서울시 중구', 1, 13000, '2023-10-01 01:01:01', '2023-10-02 01:01:01', '2023-10-05 01:01:01', '2023-10-05 01:01:01', '2023-10-05 01:01:01', '2023-10-05 01:01:01', 'END', 13000, 1),
 (174, 37, 17, '어머니 댁에서 전등 및 조명 교체 작업을 도와주실 분을 구합니다. 약 3시간 소요됩니다.', '서울시 중구', 3, 39000, '2023-10-07 01:01:01', '2023-10-08 01:01:01', '2023-10-11 01:01:01', '2023-10-11 01:01:01', '2023-10-11 01:01:01', '2023-10-11 01:01:01', 'END', 39000, 1),
 (175, 37, 17, '할머니 댁에서 부엌 전등 교체를 도와주실 분을 구합니다. 약 1시간 소요됩니다.', '서울시 중구', 1, 13000, '2023-10-12 01:01:01', '2023-10-13 01:01:01', '2023-10-16 01:01:01', '2023-10-16 01:01:01', '2023-10-16 01:01:01', '2023-10-16 01:01:01', 'END', 13000, 1),
 (120, 37, 10, '할아버지와 함께 먼 거리의 전문 클리닉에 방문하실 운전기사를 찾습니다. 약 7시간 왕복 소요됩니다.', '서울시 중구', 7, 91000, '2023-10-19 01:01:01', '2023-10-20 01:01:01', '2023-10-23 01:01:01', '2023-10-23 01:01:01', '2023-10-23 01:01:01', '2023-10-23 01:01:01', 'END', 91000, 1),
 (75, 39, 35, '할아버지 집에서 컴퓨터 사용법을 가르쳐주실 분을 구합니다. 이메일, 인터넷 검색 등 3시간 수업 예정입니다.', '서울시 강남구', 3, 30000, '2023-01-03 01:01:01', '2023-01-04 01:01:01', '2023-01-07 01:01:01', '2023-01-07 01:01:01', '2023-01-07 01:01:01', '2023-01-07 01:01:01', 'END', 30000, 1),
 (92, 39, 35, '어머니께 태블릿 사용법을 가르쳐주실 분을 찾고 있습니다. 기본적인 앱 사용과 인터넷, 2시간씩 진행됩니다.', '서울시 강남구', 4, 40000, '2023-01-13 01:01:01', '2023-01-14 01:01:01', '2023-01-17 01:01:01', '2023-01-17 01:01:01', '2023-01-17 01:01:01', '2023-01-17 01:01:01', 'END', 40000, 1),
 (96, 39, 36, '할아버지께 기타 연주를 가르쳐주실 분을 구합니다. 초보자 수준, 2시간 수업 예정입니다.', '서울시 강남구', 2, 20000, '2023-01-20 01:01:01', '2023-01-21 01:01:01', '2023-01-24 01:01:01', '2023-01-24 01:01:01', '2023-01-24 01:01:01', '2023-01-24 01:01:01', 'END', 20000, 1),
 (101, 39, 36, '어머니를 위한 우쿨렐레 수업을 찾고 있습니다. 기본 코드와 간단한 노래, 2시간씩 진행됩니다.', '서울시 강남구', 4, 40000, '2023-02-03 01:01:01', '2023-02-04 01:01:01', '2023-02-07 01:01:01', '2023-02-07 01:01:01', '2023-02-07 01:01:01', '2023-02-07 01:01:01', 'END', 40000, 1),
 (102, 39, 36, '어머니와 함께 우쿨렐레를 배울 수 있는 분을 찾습니다. 총 3시간 소요 예정.', '서울시 강남구', 3, 30000, '2023-02-13 01:01:01', '2023-02-14 01:01:01', '2023-02-17 01:01:01', '2023-02-17 01:01:01', '2023-02-17 01:01:01', '2023-02-17 01:01:01', 'END', 30000, 1),
 (103, 39, 34, '할머니께 기초 영어 회화를 가르쳐주실 분을 찾고 있습니다. 3시간 수업 예상됩니다.', '서울시 강남구', 3, 30000, '2023-02-20 01:01:01', '2023-02-21 01:01:01', '2023-02-24 01:01:01', '2023-02-24 01:01:01', '2023-02-24 01:01:01', '2023-02-24 01:01:01', 'END', 30000, 1),
 (133, 39, 34, '할아버지께 영어 단어와 문장 구성을 가르쳐주실 분을 구합니다.2시간 수업 예정입니다.', '서울시 강남구', 2, 20000, '2023-03-03 01:01:01', '2023-03-04 01:01:01', '2023-03-07 01:01:01', '2023-03-07 01:01:01', '2023-03-07 01:01:01', '2023-03-07 01:01:01', 'END', 20000, 1),
 (134, 39, 35, '어머니께 컴퓨터 기초 사용법을 가르쳐주실 분을 찾습니다. 2시간 수업 예정.', '서울시 강남구', 2, 20000, '2023-03-13 01:01:01', '2023-03-14 01:01:01', '2023-03-17 01:01:01', '2023-03-17 01:01:01', '2023-03-17 01:01:01', '2023-03-17 01:01:01', 'END', 20000, 1),
 (135, 39, 35, '할머니와 함께 이메일 사용법을 가르쳐주실 분을 구합니다. 2시간씩 수업.', '서울시 강남구', 2, 20000, '2023-03-20 01:01:01', '2023-03-21 01:01:01', '2023-03-24 01:01:01', '2023-03-24 01:01:01', '2023-03-24 01:01:01', '2023-03-24 01:01:01', 'END', 20000, 1),
 (136, 39, 34, '어머니를 위한 영어 수업을 찾고 있습니다. 일상 회화 중심, 2시간씩 진행됩니다.', '서울시 강남구', 2, 20000, '2023-04-03 01:01:01', '2023-04-04 01:01:01', '2023-04-07 01:01:01', '2023-04-07 01:01:01', '2023-04-07 01:01:01', '2023-04-07 01:01:01', 'END', 20000, 1),
 (137, 39, 36, '할아버지를 위해 기타 초보 수업을 진행해주실 분을 구합니다. 2시간 수업.', '서울시 강남구', 2, 22000, '2023-04-13 01:01:01', '2023-04-14 01:01:01', '2023-04-17 01:01:01', '2023-04-17 01:01:01', '2023-04-17 01:01:01', '2023-04-17 01:01:01', 'END', 22000, 1),
 (138, 39, 37, '할아버지를 위해 컴퓨터 게임 기초를 가르쳐주실 분을 구합니다. 2시간 수업.', '서울시 강남구', 2, 22000, '2023-04-20 01:01:01', '2023-04-21 01:01:01', '2023-04-24 01:01:01', '2023-04-24 01:01:01', '2023-04-24 01:01:01', '2023-04-24 01:01:01', 'END', 22000, 1),
 (141, 39, 37, '어머니를 위한 간단한 컴퓨터 게임 수업을 찾고 있습니다. 3시간 수업 예정.', '서울시 강남구', 3, 33000, '2023-05-03 01:01:01', '2023-05-04 01:01:01', '2023-05-07 01:01:01', '2023-05-07 01:01:01', '2023-05-07 01:01:01', '2023-05-07 01:01:01', 'END', 33000, 1),
 (142, 39, 34, '할머니께 기본적인 영어 회화를 가르쳐주실 분을 찾습니다. 2시간 수업.', '서울시 강남구', 2, 22000, '2023-05-13 01:01:01', '2023-05-14 01:01:01', '2023-05-17 01:01:01', '2023-05-17 01:01:01', '2023-05-17 01:01:01', '2023-05-17 01:01:01', 'END', 22000, 1),
 (145, 39, 36, '어머니께 클래식 기타를 가르칠 수 있는 분을 찾습니다. 2시간.', '서울시 강남구', 2, 22000, '2023-05-20 01:01:01', '2023-05-21 01:01:01', '2023-05-24 01:01:01', '2023-05-24 01:01:01', '2023-05-24 01:01:01', '2023-05-24 01:01:01', 'END', 22000, 1),
 (146, 39, 35, '할아버지께 온라인 쇼핑 방법을 가르쳐주실 분을 찾습니다. 3시간.', '서울시 강남구', 3, 33000, '2023-06-03 01:01:01', '2023-06-04 01:01:01', '2023-06-07 01:01:01', '2023-06-07 01:01:01', '2023-06-07 01:01:01', '2023-06-07 01:01:01', 'END', 33000, 1),
 (150, 39, 34, '할머니와 함께 영어로 쇼핑하기 위한 표현을 가르쳐주실 분을 구합니다. 2시간 수업 예정.', '서울시 강남구', 2, 22000, '2023-06-13 01:01:01', '2023-06-14 01:01:01', '2023-06-17 01:01:01', '2023-06-17 01:01:01', '2023-06-17 01:01:01', '2023-06-17 01:01:01', 'END', 22000, 1),
 (151, 39, 34, '할아버지께 영어로 간단한 일상 대화를 할 수 있는 방법을 가르쳐주실 분을 찾습니다. 2시간 수업 예정.', '서울시 강남구', 2, 22000, '2023-06-20 01:01:01', '2023-06-21 01:01:01', '2023-06-24 01:01:01', '2023-06-24 01:01:01', '2023-06-24 01:01:01', '2023-06-24 01:01:01', 'END', 22000, 1),
 (152, 39, 34, '할아버지를 위한 영어 단어 학습을 도와주실 분을 구합니다. 주 3회, 각 세션 1시간씩.', '서울시 강남구', 2, 22000, '2023-07-03 01:01:01', '2023-07-04 01:01:01', '2023-07-07 01:01:01', '2023-07-07 01:01:01', '2023-07-07 01:01:01', '2023-07-07 01:01:01', 'END', 22000, 1),
 (153, 39, 35, '할머니께 스마트폰 기본 사용법을 가르쳐주실 분을 찾습니다. 3시간 수업.', '서울시 강남구', 3, 33000, '2023-07-13 01:01:01', '2023-07-14 01:01:01', '2023-07-17 01:01:01', '2023-07-17 01:01:01', '2023-07-17 01:01:01', '2023-07-17 01:01:01', 'END', 33000, 1),
 (158, 39, 35, '할아버지를 위해 태블릿 사용법을 가르쳐주실 분을 구합니다. 2시간 수업.', '서울시 강남구', 2, 24000, '2023-07-20 01:01:01', '2023-07-21 01:01:01', '2023-07-24 01:01:01', '2023-07-24 01:01:01', '2023-07-24 01:01:01', '2023-07-24 01:01:01', 'END', 24000, 1),
 (159, 39, 37, '할머니와 함께 전략 게임을 즐길 수 있는 분을 구합니다. 2시간 수업.', '서울시 강남구', 2, 24000, '2023-08-03 01:01:01', '2023-08-04 01:01:01', '2023-08-07 01:01:01', '2023-08-07 01:01:01', '2023-08-07 01:01:01', '2023-08-07 01:01:01', 'END', 24000, 1),
 (160, 39, 39, '할아버지 댁에 방문해 중요 서류를 택배로 보내주실 분을 구합니다. 신속하고 안전하게 처리 필요. 약 2시간 소요됩니다.', '서울시 강남구', 2, 24000, '2023-08-13 01:01:01', '2023-08-14 01:01:01', '2023-08-17 01:01:01', '2023-08-17 01:01:01', '2023-08-17 01:01:01', '2023-08-17 01:01:01', 'END', 24000, 1),
 (166, 39, 39, '어머니의 선물을 친척에게 택배로 보내드릴 분을 찾습니다. 세심한 포장과 접수가 중요합니다. 약 1시간 소요됩니다.', '서울시 강남구', 1, 12000, '2023-08-20 01:01:01', '2023-08-21 01:01:01', '2023-08-24 01:01:01', '2023-08-24 01:01:01', '2023-08-24 01:01:01', '2023-08-24 01:01:01', 'END', 12000, 1),
 (167, 39, 40, '할머니께서 온라인으로 퇴직 연금 신청을 하셔야 합니다. 인터넷 사용과 서류 업로드를 도와주실 분, 약 1시간 소요됩니다.', '서울시 강남구', 1, 12000, '2023-09-03 01:01:01', '2023-09-04 01:01:01', '2023-09-07 01:01:01', '2023-09-07 01:01:01', '2023-09-07 01:01:01', '2023-09-07 01:01:01', 'END', 12000, 1),
 (168, 39, 40, '할아버지 댁에서 인터넷 뱅킹을 설정하고 사용법을 가르쳐주실 분을 구합니다. 약 2시간 30분 소요될 것으로 예상됩니다.', '서울시 강남구', 2, 24000, '2023-09-13 01:01:01', '2023-09-14 01:01:01', '2023-09-17 01:01:01', '2023-09-17 01:01:01', '2023-09-17 01:01:01', '2023-09-17 01:01:01', 'END', 24000, 1),
 (169, 39, 39, '할머니 댁에서 여러 상자를 택배로 부치는 데 도움을 주실 분을 찾습니다. 물건 정리와 접수 필요. 약 2시간 소요됩니다.', '서울시 강남구', 2, 24000, '2023-09-20 01:01:01', '2023-09-21 01:01:01', '2023-09-24 01:01:01', '2023-09-24 01:01:01', '2023-09-24 01:01:01', '2023-09-24 01:01:01', 'END', 24000, 1),
 (178, 39, 34, '어머니께 영어로 간단한 대화를 할 수 있는 방법을 가르쳐주실 분을 찾습니다. 2시간 수업.', '서울시 강남구', 2, 24000, '2023-10-03 01:01:01', '2023-10-04 01:01:01', '2023-10-07 01:01:01', '2023-10-07 01:01:01', '2023-10-07 01:01:01', '2023-10-07 01:01:01', 'END', 24000, 1),
 (179, 39, 40, '어머니께 온라인 쇼핑 방법을 가르쳐주실 분을 찾고 있습니다. 제품 선택부터 결제 방법까지, 약 1시간 소요됩니다.', '서울시 강남구', 1, 12000, '2023-10-13 01:01:01', '2023-10-14 01:01:01', '2023-10-17 01:01:01', '2023-10-17 01:01:01', '2023-10-17 01:01:01', '2023-10-17 01:01:01', 'END', 12000, 1),
 (101, 39, 40, '할머니와 함께 인터넷을 통한 병원 예약을 도와주실 분을 구합니다. 인터넷 사용과 예약 절차 안내, 약 2시간 소요됩니다.', '서울시 강남구', 2, 24000, '2023-10-20 01:01:01', '2023-10-21 01:01:01', '2023-10-24 01:01:01', '2023-10-24 01:01:01', '2023-10-24 01:01:01', '2023-10-24 01:01:01', 'END', 24000, 1),
 (61, 54, 17, '할아버지 댁에서 거실 전등 교체를 도와주실 분을 찾습니다. 약 1시간 소요됩니다.', '서울시 용산구', 1, 10000, '2023-01-10 01:01:01', '2023-01-11 01:01:01', '2023-01-14 01:01:01', '2023-01-14 01:01:01', '2023-01-14 01:01:01', '2023-01-14 01:01:01', 'END', 10000, 1),
 (72, 54, 16, '할아버지 댁에서 방 정리를 위한 가구 옮기기를 도와주실 분을 찾습니다. 약 2시간 소요됩니다.', '서울시 용산구', 2, 20000, '2023-02-10 01:01:01', '2023-02-11 01:01:01', '2023-02-14 01:01:01', '2023-02-14 01:01:01', '2023-02-14 01:01:01', '2023-02-14 01:01:01', 'END', 20000, 1),
 (73, 54, 15, '할아버지 댁에서 점심 식사 후 설거지를 도와주실 분을 찾습니다. 총 1시간 소요됩니다.', '서울시 용산구', 1, 10000, '2023-03-10 01:01:01', '2023-03-11 01:01:01', '2023-03-14 01:01:01', '2023-03-14 01:01:01', '2023-03-14 01:01:01', '2023-03-14 01:01:01', 'END', 10000, 1),
 (98, 54, 14, '할머니 댁에서 침구류 세탁을 도와주실 분을 구합니다. 약 3시간 소요됩니다.', '서울시 용산구', 3, 30000, '2023-04-10 01:01:01', '2023-04-11 01:01:01', '2023-04-14 01:01:01', '2023-04-14 01:01:01', '2023-04-14 01:01:01', '2023-04-14 01:01:01', 'END', 30000, 1),
 (113, 54, 14, '할아버지 댁에서 커튼 세탁을 도와주실 분을 찾습니다. 약 2시간 소요됩니다.', '서울시 용산구', 2, 20000, '2023-05-10 01:01:01', '2023-05-11 01:01:01', '2023-05-14 01:01:01', '2023-05-14 01:01:01', '2023-05-14 01:01:01', '2023-05-14 01:01:01', 'END', 20000, 1),
 (95, 54, 13, '할아버지 댁에서 카펫 청소를 도와주실 분을 찾습니다. 약 3시간 소요됩니다.', '서울시 용산구', 3, 30000, '2023-06-10 01:01:01', '2023-06-11 01:01:01', '2023-06-14 01:01:01', '2023-06-14 01:01:01', '2023-06-14 01:01:01', '2023-06-14 01:01:01', 'END', 30000, 1),
 (97, 54, 12, '할머니를 근교의 온천 리조트로 모셔다줄 분을 구합니다. 모셔다 주기만 하면 되는 업무이지만, 왕복 소요시간을 지불하며, 총 6시간 소요 예정입니다.', '서울시 용산구', 6, 60000, '2023-07-10 01:01:01', '2023-07-11 01:01:01', '2023-07-14 01:01:01', '2023-07-14 01:01:01', '2023-07-14 01:01:01', '2023-07-14 01:01:01', 'END', 60000, 1),
 (98, 54, 11, '할머니와 함께 친지 방문을 위해 국내선 공항까지 데려다주실 분을 찾습니다. 약 2시간 소요됩니다.', '서울시 용산구', 2, 20000, '2023-08-10 01:01:01', '2023-08-11 01:01:01', '2023-08-14 01:01:01', '2023-08-14 01:01:01', '2023-08-14 01:01:01', '2023-08-14 01:01:01', 'END', 20000, 1),
 (113, 54, 11, '할아버지를 중요한 출장을 위해 국제선 공항까지 데려다주실 분을 구합니다. 약 3시간 소요됩니다.', '서울시 용산구', 3, 30000, '2023-09-10 01:01:01', '2023-09-11 01:01:01', '2023-09-14 01:01:01', '2023-09-14 01:01:01', '2023-09-14 01:01:01', '2023-09-14 01:01:01', 'END', 30000, 1),
 (69, 59, 4, '할머니와 함께 병원에 간단한 진료를 받으러 가실 분을 찾습니다. 약 2시간 소요될 것으로 예상됩니다.', '서울시 중구', 2, 20000, '2023-05-10 01:01:01', '2023-05-11 01:01:01', '2023-05-14 01:01:01', '2023-05-14 01:01:01', '2023-05-14 01:01:01', '2023-05-14 01:01:01', 'END', 20000, 1),
 (70, 59, 26, '할머니 댁에서 부드러운 안마를 해주실 분을 찾습니다. 어르신의 편안함을 위한 간단한 안마, 약 1시간 소요됩니다.', '서울시 중구', 1, 10000, '2023-06-10 01:01:01', '2023-06-11 01:01:01', '2023-06-14 01:01:01', '2023-06-14 01:01:01', '2023-06-14 01:01:01', '2023-06-14 01:01:01', 'END', 10000, 1),
 (173, 59, 26, '할아버지 집에서 경험이 있는 안마사를 찾고 있습니다. 피로를 풀어주는 안마 서비스, 대략 2시간 소요될 것으로 예상됩니다.', '서울시 중구', 2, 20000, '2023-07-10 01:01:01', '2023-07-11 01:01:01', '2023-07-14 01:01:01', '2023-07-14 01:01:01', '2023-07-14 01:01:01', '2023-07-14 01:01:01', 'END', 20000, 1),
 (174, 59, 27, '할머니께 손톱과 발톱 관리를 해주실 분을 구합니다. 약 1시간 소요됩니다.', '서울시 중구', 1, 10000, '2023-08-10 01:01:01', '2023-08-11 01:01:01', '2023-08-14 01:01:01', '2023-08-14 01:01:01', '2023-08-14 01:01:01', '2023-08-14 01:01:01', 'END', 10000, 1),
 (175, 59, 24, '할머니 댁에서의 목욕을 도와주실 분을 찾습니다. 안전하게 목욕할 수 있도록 도와주실 분. 약 2시간 소요됩니다.', '서울시 중구', 2, 20000, '2023-09-10 01:01:01', '2023-09-11 01:01:01', '2023-09-14 01:01:01', '2023-09-14 01:01:01', '2023-09-14 01:01:01', '2023-09-14 01:01:01', 'END', 20000, 1),
 (120, 59, 24, '할머니께 집에서 목욕을 도와주실 분을 구합니다. 약 1시간 소요됩니다.', '서울시 중구', 1, 10000, '2023-10-10 01:01:01', '2023-10-11 01:01:01', '2023-10-14 01:01:01', '2023-10-14 01:01:01', '2023-10-14 01:01:01', '2023-10-14 01:01:01', 'END', 10000, 1),
 (60, 60, 21, '할아버지 집으로 세탁된 침구류와 의류를 배달해주실 분을 찾습니다. 대량의 세탁물 배달, 약 2시간 소요됩니다.', '서울시 용산구', 2, 20000, '2023-01-10 01:01:01', '2023-01-11 01:01:01', '2023-01-14 01:01:01', '2023-01-14 01:01:01', '2023-01-14 01:01:01', '2023-01-14 01:01:01', 'END', 20000, 1),
 (61, 60, 16, '어머니 댁에서 집안 정리를 위한 가구 이동을 도와주실 분을 구합니다. 약 4시간 소요됩니다.', '서울시 용산구', 4, 40000, '2023-02-10 01:01:01', '2023-02-11 01:01:01', '2023-02-14 01:01:01', '2023-02-14 01:01:01', '2023-02-14 01:01:01', '2023-02-14 01:01:01', 'END', 40000, 1),
 (72, 60, 20, '할아버지 집으로 여러 군데에서 온 우편물을 배달해주실 분을 찾습니다. 다양한 곳에서 우편물 수령 후 배달, 약 1시간 소요됩니다.', '서울시 용산구', 1, 10000, '2023-03-10 01:01:01', '2023-03-11 01:01:01', '2023-03-14 01:01:01', '2023-03-14 01:01:01', '2023-03-14 01:01:01', '2023-03-14 01:01:01', 'END', 10000, 1),
 (73, 60, 21, '어머니 댁에 특별한 의류 세탁물을 배달해주실 분을 구합니다. 세탁소에서 고급 의류 처리 후 배달, 약 2시간 소요됩니다.', '서울시 용산구', 2, 10000, '2023-04-10 01:01:01', '2023-04-11 01:01:01', '2023-04-14 01:01:01', '2023-04-14 01:01:01', '2023-04-14 01:01:01', '2023-04-14 01:01:01', 'END', 20000, 1),
 (76, 60, 14, '어머니 댁에서 옷감 세탁 및 다림질을 도와주실 분을 구합니다. 약 3시간 소요됩니다.', '서울시 용산구', 3, 10000, '2023-05-10 01:01:01', '2023-05-11 01:01:01', '2023-05-14 01:01:01', '2023-05-14 01:01:01', '2023-05-14 01:01:01', '2023-05-14 01:01:01', 'END', 30000, 1),
 (77, 60, 9, '할아버지와 함께 대학 병원의 전문 클리닉에 방문할 분을 찾습니다. 약 3시간 소요됩니다.', '서울시 용산구', 3, 10000, '2023-06-10 01:01:01', '2023-06-11 01:01:01', '2023-06-14 01:01:01', '2023-06-14 01:01:01', '2023-06-14 01:01:01', '2023-06-14 01:01:01', 'END', 30000, 1),
 (95, 60, 9, '할아버지와 함께 은행에 가서 계좌 개설을 도와주실 분을 찾습니다. 약 2시간 소요됩니다.', '서울시 용산구', 2, 10000, '2023-07-10 01:01:01', '2023-07-11 01:01:01', '2023-07-14 01:01:01', '2023-07-14 01:01:01', '2023-07-14 01:01:01', '2023-07-14 01:01:01', 'END', 20000, 1),
 (97, 60, 9, '어머니를 대학 병원의 치료 세션에 데려다주실 분을 구합니다. 약 5시간 소요됩니다.', '서울시 용산구', 5, 50000, '2023-08-10 01:01:01', '2023-08-11 01:01:01', '2023-08-14 01:01:01', '2023-08-14 01:01:01', '2023-08-14 01:01:01', '2023-08-14 01:01:01', 'END', 50000, 1),
 (98, 60, 5, '할아버지와 함께 주변 둘레길을 산책하실 분을 구합니다. 대략 1시간 소요될 것으로 예상됩니다.', '서울시 용산구', 1, 10000, '2023-09-10 01:01:01', '2023-09-11 01:01:01', '2023-09-14 01:01:01', '2023-09-14 01:01:01', '2023-09-14 01:01:01', '2023-09-14 01:01:01', 'END', 10000, 1),
 (113, 60, 5, '어머니와 함께 가까운 공원에서 산책하실 분을 찾습니다. 약 2시간 소요됩니다.', '서울시 용산구', 2, 20000, '2023-10-10 01:01:01', '2023-10-11 01:01:01', '2023-10-14 01:01:01', '2023-10-14 01:01:01', '2023-10-14 01:01:01', '2023-10-14 01:01:01', 'END', 20000, 1),
 (114, 61, 28, '할머니의 사랑스러운 강아지와 함께 산책할 분을 찾고 있습니다. 가까운 공원에서 약 1시간 산책 예정입니다.', '서울시 용산구', 1, 10000, '2023-01-10 01:01:01', '2023-01-11 01:01:01', '2023-01-14 01:01:01', '2023-01-14 01:01:01', '2023-01-14 01:01:01', '2023-01-14 01:01:01', 'END', 10000, 1),
 (115, 61, 30, '할머니와 함께 사는 소형 반려견을 씻겨주실 분을 찾습니다. 약 1시간 소요됩니다.', '서울시 용산구', 1, 10000, '2023-02-10 01:01:01', '2023-02-11 01:01:01', '2023-02-14 01:01:01', '2023-02-14 01:01:01', '2023-02-14 01:01:01', '2023-02-14 01:01:01', 'END', 10000, 1),
 (124, 61, 28, '할아버지 댁의 활발한 강아지와 산책하실 분을 구합니다. 근처 강변에서 2시간 정도 산책할 예정입니다.', '서울시 용산구', 2, 20000, '2023-03-10 01:01:01', '2023-03-11 01:01:01', '2023-03-14 01:01:01', '2023-03-14 01:01:01', '2023-03-14 01:01:01', '2023-03-14 01:01:01', 'END', 20000, 1),
 (129, 61, 30, '어머니의 강아지를 위한 목욕 및 털 정리를 도와주실 분을 구합니다. 약 1시간 소요됩니다.', '서울시 용산구', 1, 10000, '2023-04-10 01:01:01', '2023-04-11 01:01:01', '2023-04-14 01:01:01', '2023-04-14 01:01:01', '2023-04-14 01:01:01', '2023-04-14 01:01:01', 'END', 10000, 1),
 (130, 61, 29, '할머니의 강아지를 진료를 위해 동물병원에 데려다 줄 분을 찾습니다. 약 2시간 소요됩니다.', '서울시 용산구', 2, 20000, '2023-05-10 01:01:01', '2023-05-11 01:01:01', '2023-05-14 01:01:01', '2023-05-14 01:01:01', '2023-05-14 01:01:01', '2023-05-14 01:01:01', 'END', 20000, 1),
 (95, 61, 28, '어머니의 소중한 강아지와 산책할 분을 찾습니다. 1시간 산책 예상합니다.', '서울시 용산구', 1, 10000, '2023-06-10 01:01:01', '2023-06-11 01:01:01', '2023-06-14 01:01:01', '2023-06-14 01:01:01', '2023-06-14 01:01:01', '2023-06-14 01:01:01', 'END', 10000, 1),
 (97, 61, 29, '어머니의 반려견을 치과 치료를 위해 동물병원에 데려다 줄 분을 구합니다. 약 4시간 소요됩니다.', '서울시 용산구', 4, 40000, '2023-07-10 01:01:01', '2023-07-11 01:01:01', '2023-07-14 01:01:01', '2023-07-14 01:01:01', '2023-07-14 01:01:01', '2023-07-14 01:01:01', 'END', 40000, 1),
 (98, 61, 29, '할아버지 댁의 대형견을 건강 검진을 위해 동물병원에 데려다 줄 분을 찾습니다.약 3시간 소요됩니다.', '서울시 용산구', 3, 30000, '2023-08-10 01:01:01', '2023-08-11 01:01:01', '2023-08-14 01:01:01', '2023-08-14 01:01:01', '2023-08-14 01:01:01', '2023-08-14 01:01:01', 'END', 30000, 1),
 (113, 61, 32, '할머니의 반려견에게 맞춤형 식단을 제공해주실 분을 찾습니다. 약 1시간 소요됩니다.', '서울시 용산구', 1, 10000, '2023-09-10 01:01:01', '2023-09-11 01:01:01', '2023-09-14 01:01:01', '2023-09-14 01:01:01', '2023-09-14 01:01:01', '2023-09-14 01:01:01', 'END', 10000, 1),
 (129, 61, 31, '할머니의 강아지를 위한 간단한 털 정리 및 미용을 도와주실 분을 찾습니다. 약 2시간 소요됩니다.', '서울시 용산구', 2, 20000, '2023-10-10 01:01:01', '2023-10-11 01:01:01', '2023-10-14 01:01:01', '2023-10-14 01:01:01', '2023-10-14 01:01:01', '2023-10-14 01:01:01', 'END', 20000, 1),
 (127, 71, 7, '할머니와 함께 은행에 가서 예금 관련 업무를 처리하실 분을 찾습니다. 약 1시간 소요됩니다.', '서울시 서초구', 1, 10000, '2023-01-03 01:01:01', '2023-01-04 01:01:01', '2023-01-07 01:01:01', '2023-01-07 01:01:01', '2023-01-07 01:01:01', '2023-01-07 01:01:01', 'END', 10000, 1),
 (128, 71, 6, '어머니와 함께 헤어 트리트먼트를 위해 미용실에 방문하실 분을 구합니다. 약 2시간 소요될 것으로 예상됩니다.', '서울시 서초구', 2, 20000, '2023-01-13 01:01:01', '2023-01-14 01:01:01', '2023-01-17 01:01:01', '2023-01-17 01:01:01', '2023-01-17 01:01:01', '2023-01-17 01:01:01', 'END', 20000, 1),
 (106, 71, 4, '어머니와 함께 병원에 약 처방을 받으러 가실 분을 찾습니다. 약 1시간 소요됩니다.', '서울시 서초구', 1, 10000, '2023-01-20 01:01:01', '2023-01-21 01:01:01', '2023-01-24 01:01:01', '2023-01-24 01:01:01', '2023-01-24 01:01:01', '2023-01-24 01:01:01', 'END', 10000, 1),
 (107, 71, 9, '할머니와 함께 대학 병원에서 진행되는 특별한 검사에 동행해주실 분을 찾습니다. 약 6시간 소요됩니다.', '서울시 서초구', 6, 60000, '2023-02-03 01:01:01', '2023-02-04 01:01:01', '2023-02-07 01:01:01', '2023-02-07 01:01:01', '2023-02-07 01:01:01', '2023-02-07 01:01:01', 'END', 60000, 1),
 (105, 71, 6, '할머니와 함께 미용실에 가서 간단한 헤어 스타일링을 도와주실 분을 찾습니다. 약 1시간 소요됩니다.', '서울시 서초구', 1, 10000, '2023-02-13 01:01:01', '2023-02-14 01:01:01', '2023-02-17 01:01:01', '2023-02-17 01:01:01', '2023-02-17 01:01:01', '2023-02-17 01:01:01', 'END', 10000, 1),
 (106, 71, 9, '할아버지를 대학 병원의 정기 치료에 데려다주실 분을 구합니다. 약 4시간 소요됩니다.', '서울시 서초구', 4, 40000, '2023-02-20 01:01:01', '2023-02-21 01:01:01', '2023-02-24 01:01:01', '2023-02-24 01:01:01', '2023-02-24 01:01:01', '2023-02-24 01:01:01', 'END', 40000, 1),
 (107, 71, 11, '할머니를 비즈니스 여행을 위해 공항까지 데려다주실 분을 구합니다. 약 3시간 소요됩니다.', '서울시 서초구', 3, 30000, '2023-03-03 01:01:01', '2023-03-04 01:01:01', '2023-03-07 01:01:01', '2023-03-07 01:01:01', '2023-03-07 01:01:01', '2023-03-07 01:01:01', 'END', 30000, 1),
 (108, 71, 3, '어머니와 함께 대형 마트에서 주간 식료품 장을 보실 분을 구합니다. 약 2시간 소요될 것으로 예상됩니다.', '서울시 서초구', 2, 11000, '2023-03-13 01:01:01', '2023-03-14 01:01:01', '2023-03-17 01:01:01', '2023-03-17 01:01:01', '2023-03-17 01:01:01', '2023-03-17 01:01:01', 'END', 22000, 1),
 (109, 71, 13, '어머니 댁에서 부엌 청소를 도와주실 분을 구합니다. 약 2시간 소요됩니다.', '서울시 서초구', 2, 11000, '2023-03-20 01:01:01', '2023-03-21 01:01:01', '2023-03-24 01:01:01', '2023-03-24 01:01:01', '2023-03-24 01:01:01', '2023-03-24 01:01:01', 'END', 22000, 1),
 (125, 71, 15, '어머니 댁에서 저녁 식사 후 설거지를 도와주실 분을 구합니다. 약 2시간 소요됩니다.', '서울시 서초구', 2, 11000, '2023-04-03 01:01:01', '2023-04-04 01:01:01', '2023-04-07 01:01:01', '2023-04-07 01:01:01', '2023-04-07 01:01:01', '2023-04-07 01:01:01', 'END', 22000, 1),
 (126, 71, 16, '할머니 댁에서 거실 가구 재배치를 도와주실 분을 구합니다. 약 2시간 소요됩니다.', '서울시 서초구', 2, 11000, '2023-04-13 01:01:01', '2023-04-14 01:01:01', '2023-04-17 01:01:01', '2023-04-17 01:01:01', '2023-04-17 01:01:01', '2023-04-17 01:01:01', 'END', 22000, 1),
 (127, 71, 17, '어머니 댁에서 침실 조명 교체 작업을 도와주실 분을 구합니다. 약 2시간 소요됩니다.', '서울시 서초구', 2, 11000, '2023-04-20 01:01:01', '2023-04-21 01:01:01', '2023-04-24 01:01:01', '2023-04-24 01:01:01', '2023-04-24 01:01:01', '2023-04-24 01:01:01', 'END', 22000, 1),
 (164, 71, 13, '할머니 댁에서 욕실 청소를 해주실 분을 찾습니다. 약 2시간 소요됩니다.', '서울시 서초구', 2, 11000, '2023-05-13 01:01:01', '2023-05-14 01:01:01', '2023-05-17 01:01:01', '2023-05-17 01:01:01', '2023-05-17 01:01:01', '2023-05-17 01:01:01', 'END', 22000, 1),
 (165, 71, 14, '할머니 댁에서 대형 이불 세탁을 도와주실 분을 찾습니다. 약 4시간 소요됩니다.', '서울시 서초구', 4, 11000, '2023-05-20 01:01:01', '2023-05-21 01:01:01', '2023-05-24 01:01:01', '2023-05-24 01:01:01', '2023-05-24 01:01:01', '2023-05-24 01:01:01', 'END', 44000, 1),
 (127, 71, 16, '할아버지 댁에서 침실 가구 재정비를 도와주실 분을 찾습니다. 약 1시간 소요됩니다.', '서울시 서초구', 1, 11000, '2023-06-03 01:01:01', '2023-06-04 01:01:01', '2023-06-07 01:01:01', '2023-06-07 01:01:01', '2023-06-07 01:01:01', '2023-06-07 01:01:01', 'END', 11000, 1),
 (105, 71, 15, '할머니 댁에서 점심 식사 후 설거지를 도와주실 분을 찾습니다. 약 1시간 소요됩니다.', '서울시 서초구', 1, 11000, '2023-06-13 01:01:01', '2023-06-14 01:01:01', '2023-06-17 01:01:01', '2023-06-17 01:01:01', '2023-06-17 01:01:01', '2023-06-17 01:01:01', 'END', 11000, 1),
 (106, 71, 14, '할아버지 댁에서 섬유류 세탁을 도와주실 분을 구합니다. 약 3시간 소요됩니다.', '서울시 서초구', 3, 11000, '2023-06-20 01:01:01', '2023-06-21 01:01:01', '2023-06-24 01:01:01', '2023-06-24 01:01:01', '2023-06-24 01:01:01', '2023-06-24 01:01:01', 'END', 33000, 1),
 (107, 71, 4, '할머니와 함께 눈 검사를 위해 동네 병원에 가실 분을 구합니다. 약 2시간 소요될 것으로 예상됩니다.', '서울시 서초구', 2, 11000, '2023-07-03 01:01:01', '2023-07-04 01:01:01', '2023-07-07 01:01:01', '2023-07-07 01:01:01', '2023-07-07 01:01:01', '2023-07-07 01:01:01', 'END', 22000, 1),
 (108, 71, 3, '어머니와 함께 대형 마트에서 주간 식료품 장을 보실 분을 구합니다. 약 2시간 소요될 것으로 예상됩니다.', '서울시 서초구', 2, 11000, '2023-07-13 01:01:01', '2023-07-14 01:01:01', '2023-07-17 01:01:01', '2023-07-17 01:01:01', '2023-07-17 01:01:01', '2023-07-17 01:01:01', 'END', 22000, 1),
 (150, 6, 3, '할머니와 함께 지역 시장에서 장을 보실 분을 찾고 있습니다. 신선한 식재료 구매에 약 2시간 소요됩니다.', '서울시 강남구', 2, 20000, '2023-02-10 01:01:01', '2023-02-11 01:01:01', '2023-02-14 01:01:01', '2023-02-14 01:01:01', '2023-02-14 01:01:01', '2023-02-14 01:01:01', 'END', 20000, 1),
 (151, 6, 28, '할머니의 작은 반려견과 함께 약 2시간 산책을 도와주실 분을 구합니다.', '서울시 강남구', 2, 20000, '2023-03-10 01:01:01', '2023-03-11 01:01:01', '2023-03-14 01:01:01', '2023-03-14 01:01:01', '2023-03-14 01:01:01', '2023-03-14 01:01:01', 'END', 20000, 1),
 (152, 6, 29, '할머니의 반려묘를 동물병원에 데려다 줄 분을 찾고 있습니다. 예방접종을 위해 약 2시간 소요될 예정입니다.', '서울시 강남구', 2, 20000, '2023-04-10 01:01:01', '2023-04-11 01:01:01', '2023-04-14 01:01:01', '2023-04-14 01:01:01', '2023-04-14 01:01:01', '2023-04-14 01:01:01', 'END', 20000, 1),
 (153, 23, 4, '할아버지와 함께 정기적인 혈압 체크를 위해 병원에 방문하실 분을 찾습니다. 대략 1시간 소요됩니다.', '서울시 강남구', 1, 10000, '2023-02-10 01:01:01', '2023-02-11 01:01:01', '2023-02-14 01:01:01', '2023-02-14 01:01:01', '2023-02-14 01:01:01', '2023-02-14 01:01:01', 'END', 10000, 1),
 (158, 23, 3, '할아버지와 함께 대형 마트에서 주간 장을 보실 분을 찾습니다. 다양한 식품과 생활용품 구매에 약 2시간 소요됩니다.', '서울시 강남구', 2, 20000, '2023-03-10 01:01:01', '2023-03-11 01:01:01', '2023-03-14 01:01:01', '2023-03-14 01:01:01', '2023-03-14 01:01:01', '2023-03-14 01:01:01', 'END', 20000, 1),
 (159, 23, 13, '할아버지 댁에서 대청소를 도와주실 분을 구합니다. 약 4시간 소요됩니다.', '서울시 강남구', 4, 40000, '2023-04-10 01:01:01', '2023-04-11 01:01:01', '2023-04-14 01:01:01', '2023-04-14 01:01:01', '2023-04-14 01:01:01', '2023-04-14 01:01:01', 'END', 40000, 1),
 (160, 23, 11, '할아버지와 함께 해외 친척 방문을 위해 공항까지 데려다주실 분을 찾습니다.약 4시간 소요됩니다.', '서울시 강남구', 4, 40000, '2023-05-10 01:01:01', '2023-05-11 01:01:01', '2023-05-14 01:01:01', '2023-05-14 01:01:01', '2023-05-14 01:01:01', '2023-05-14 01:01:01', 'END', 40000, 1),
 (166, 35, 9, '어머니와 함께 대학 병원에서의 상담을 위해 동행하실 분을 찾습니다. 약 3시간 소요됩니다.', '서울시 강남구', 3, 30000, '2023-02-10 01:01:01', '2023-02-11 01:01:01', '2023-02-14 01:01:01', '2023-02-14 01:01:01', '2023-02-14 01:01:01', '2023-02-14 01:01:01', 'END', 30000, 1),
 (167, 35, 19, '어머니 댁에 생활 필수품을 배달해주실 분을 찾고 있습니다. 슈퍼마켓에서 구매 후 배달, 약 2시간 소요됩니다.', '서울시 강남구', 2, 20000, '2023-03-10 01:01:01', '2023-03-11 01:01:01', '2023-03-14 01:01:01', '2023-03-14 01:01:01', '2023-03-14 01:01:01', '2023-03-14 01:01:01', 'END', 20000, 1),
 (168, 35, 20, '어머니 댁에 특별한 우편물을 배달해주실 분을 구합니다. 여러 군데에서 오는 우편물을 모아서 배달, 약 2시간 소요됩니다.', '서울시 강남구', 2, 20000, '2023-04-10 01:01:01', '2023-04-11 01:01:01', '2023-04-14 01:01:01', '2023-04-14 01:01:01', '2023-04-14 01:01:01', '2023-04-14 01:01:01', 'END', 20000, 1),
 (135, 35, 22, '어머니 댁에 특정 의약품을 배달해주실 분을 구합니다. 멀리 있는 대형 약국에서 구입 후 배달, 약 2시간 소요됩니다.', '서울시 강남구', 2, 20000, '2023-05-10 01:01:01', '2023-05-11 01:01:01', '2023-05-14 01:01:01', '2023-05-14 01:01:01', '2023-05-14 01:01:01', '2023-05-14 01:01:01', 'END', 20000, 1),
 (145, 35, 5, '할머니와 함께 인근 공원에서 산책하실 분을 찾습니다. 약 1시간 소요됩니다.', '서울시 강남구', 1, 10000, '2023-06-10 01:01:01', '2023-06-11 01:01:01', '2023-06-14 01:01:01', '2023-06-14 01:01:01', '2023-06-14 01:01:01', '2023-06-14 01:01:01', 'END', 10000, 1);

# 사용 내역에 따라 해당 집사의 서비스 제공 횟수, 점수 증가시킴(이거 반올림 물어보고 반영해서 업데이트 하기)
UPDATE ZIPSA SET service_count = service_count+10, reply_average=2.0 , reply_count =reply_count +10, kindness_average =2.9, skill_average=3.4, rewind_average =3.6
WHERE zipsa_id = 7;
UPDATE ZIPSA SET service_count = service_count+20, reply_average=2.0 , reply_count =reply_count +20, kindness_average =3.35, skill_average=3.6, rewind_average =3.55
WHERE zipsa_id = 8;
UPDATE ZIPSA SET service_count = service_count+30, reply_average=2.0 , reply_count =reply_count +30, kindness_average =3.933333333, skill_average=4, rewind_average =4.1
WHERE zipsa_id = 16;
UPDATE ZIPSA SET service_count = service_count+30, reply_average=2.0 , reply_count =reply_count +30, kindness_average =3.9, skill_average=4.066666667, rewind_average =4.033333333
WHERE zipsa_id = 18;
UPDATE ZIPSA SET service_count = service_count+20, reply_average=2.0 , reply_count =reply_count +20, kindness_average =3.75, skill_average=3.75, rewind_average =3.7
WHERE zipsa_id = 27;
UPDATE ZIPSA SET service_count = service_count+40, reply_average=2.0 , reply_count =reply_count +40, kindness_average =4.475, skill_average=4.575, rewind_average =4.475
WHERE zipsa_id = 37;
UPDATE ZIPSA SET service_count = service_count+30, reply_average=2.0 , reply_count =reply_count +30, kindness_average =3.966666667, skill_average=4.066666667, rewind_average =4
WHERE zipsa_id = 39;
UPDATE ZIPSA SET service_count = service_count+10, reply_average=2.0 , reply_count =reply_count +10, kindness_average =3.3, skill_average=3.3, rewind_average =3.1
WHERE zipsa_id = 54;
UPDATE ZIPSA SET service_count = service_count+10, reply_average=2.0 , reply_count =reply_count +10, kindness_average =3.2, skill_average=3.5, rewind_average =3.4
WHERE zipsa_id = 59;
UPDATE ZIPSA SET service_count = service_count+10, reply_average=2.0 , reply_count =reply_count +10, kindness_average =3.4, skill_average=3.2, rewind_average =3.4
WHERE zipsa_id = 60;
UPDATE ZIPSA SET service_count = service_count+10, reply_average=2.0 , reply_count =reply_count +10, kindness_average =3.4, skill_average=3.3, rewind_average =3.5
WHERE zipsa_id = 61;
UPDATE ZIPSA SET service_count = service_count+20, reply_average=2.0 , reply_count =reply_count +20, kindness_average =3.7, skill_average=3.95, rewind_average =3.7
WHERE zipsa_id = 71;
UPDATE ZIPSA SET service_count = service_count+3, reply_average=2.0 , reply_count =reply_count +3, kindness_average =3.666666667, skill_average=3.333333333, rewind_average =3.333333333
WHERE zipsa_id = 6;
UPDATE ZIPSA SET service_count = service_count+4, reply_average=2.0 , reply_count =reply_count +4, kindness_average =3.25, skill_average=3.75, rewind_average =3.5
WHERE zipsa_id = 23;
UPDATE ZIPSA SET service_count = service_count+5, reply_average=2.0 , reply_count =reply_count +5, kindness_average =2.6, skill_average=2.2, rewind_average =2.2
WHERE zipsa_id = 35;

# 사용 내역 관련 리뷰 내용 추가(편의상 사용 완료된 모든 내역은 리뷰를 만들었음.)
UPDATE ROOM SET is_reviewed = true WHERE room_id BETWEEN 1 AND 252;
INSERT INTO REVIEW (user_id, zipsa_id, kindness_score, skill_score, rewind_score, content) VALUES (120,7,3,5,4,'다음에 또 만나고 싶어요!'),
 (121,7,3,2,4,'친절하게 잘 해주셨어요'), (122,7,3,4,4,'추천'), (121,7,2,2,2,'그냥 쏘쏘....'), (122,7,3,4,5,'이 집사님 추천합니다'),
 (123,7,3,4,3,'감사합니다~ 저희 할머니도 좋아하셨어요'), (173,7,3,3,4,'추운 날 고생많으셨어요!'), (174,7,4,5,5,'이 집사님 추천합니다~'),
 (175,7,2,3,2,'무난무난 이었어요~'), (120,7,3,2,3,'저희 어머니도 편하게 다녀왔다고 하시네요'), (80,8,3,3,3,'미용에 대해 잘 아시는 분인가봐요~'),
 (81,8,3,3,4,'감사합니다. 나중에 또 이용하겠습니다.'), (84,8,3,3,3,'많이 수고했읍니다. 고생많았읍니다.'), (88,8,3,4,3,'너무 전문적으로 잘 도와주셨어요~'),
 (89,8,3,4,4,'이 집사님 추천해요!'), (110,8,3,3,3,'이 집사님 추천해요!'), (111,8,3,3,3,'이 집사님 추천해요!'), (112,8,3,4,3,'좋았어요'), (116,8,4,3,3,'즐겁고 유익한 시간이었다고 하시네요'),
 (117,8,2,3,3,'집사님과 즐거운 시간 보냈다고 하시네요'), (118,8,3,3,3,'처음 이용해 봤는데 너무 좋았습니다'), (119,8,3,3,4,'이 집사님 추천합니다!'),
 (149,8,4,4,3,'진짜 동네 친구가 생긴 것 같아서 좋았어요.'), (154,8,4,4,4,'걱정했는데 너무 친절하셨어요.'),
 (155,8,3,4,4,'다음에 또 만나고 싶어요'), (180,8,3,3,3,'친절하셨어요'), (80,8,4,4,4,'처음 이용해 봤는데 괜찮네요. 또 이용할께요'), (81,8,4,4,4,'와 저랑 같은 초 같은 반이었어요'),
 (84,8,5,5,5,'추천'), (88,8,4,5,5,'고마워요~^'), (99,16,3,3,3,'와, 이 서비스 진짜 굿이네요! 좋은 일 하시네요!'), (100,16,3,3,3,'참 좋다 싶더군요. 고맙습니다!'),
 (139,16,3,3,3,'이렇게 좋을 줄 몰랐네요. 정말 감사합니다!'), (143,16,4,3,3,'대단하십니다!'), (144,16,3,4,3,'계속 이용하겠습니다!'), (156,16,3,3,3,'고맙습니다!'), (157,16,2,3,3,'큰 도움이 되었습니다!'),
 (162,16,3,3,3,'너무 예쁘게 다듬어 주셔서 감사해요~'), (163,16,3,4,4,'이 집사님 추천해요!'), (170,16,4,4,4,'이 집사님 추천합니다'), (171,16,4,4,4,'추운 날 고생많으셨어요!'),
 (172,16,4,3,4,'다음에 또 만나고 싶어요!'), (176,16,4,4,4,'추천'), (177,16,4,4,4,'계속 이용하겠습니다!'), (99,16,4,3,4,'즐겁고 유익한 시간이었다고 하시네요'), (100,16,4,4,4,'처음 이용해 봤는데 너무 좋았습니다'),
 (139,16,3,4,4,'다음에 또 만나고 싶어요'), (143,16,4,4,5,'대단하십니다!'), (144,16,5,5,5,'추천합니다 집사님'), (156,16,4,4,4,'추천합니다 집사님'), (157,16,5,5,5,'좋았어요'), (162,16,4,4,4,'감사해요'), (163,16,5,5,5,'고맙습니다~'),
 (170,16,4,5,5,'이 집사님 추천해요!'), (171,16,5,5,5,'이 집사님 추천합니다'), (172,16,5,4,5,'추운 날 고생많으셨어요!'), (176,16,4,5,5,'다음에 또 만나고 싶어요!'), (177,16,5,5,5,'추천'), (144,16,5,5,5,'대단하십니다!'),
 (156,16,5,5,5,'추천합니다 집사님'), (75,18,3,3,3,'덕분에 맛있는 식사 했습니다'), (92,18,3,3,3,'감사합니다 다음에 또 이용하겠습니다'),
 (96,18,3,4,4,'이 집사님 추천해요!'), (101,18,3,3,4,'이 집사님 추천합니다'), (102,18,3,2,2,'추운 날 고생많으셨어요!'), (103,18,3,2,3,'이 집사님 추천해요!'), (133,18,3,4,4,'이 집사님 추천합니다'),
 (134,18,3,2,2,'추운 날 고생많으셨어요!'), (135,18,3,4,3,'다음에 또 만나고 싶어요!'), (136,18,3,4,4,'추천'), (137,18,4,4,4,'계속 이용하겠습니다!'), (138,18,4,5,5,'즐겁고 유익한 시간이었다고 하시네요'),
 (141,18,5,4,5,'처음 이용해 봤는데 너무 좋았습니다'), (142,18,4,5,4,'다음에 또 만나고 싶어요'), (145,18,4,4,4,'대단하십니다!'), (146,18,3,4,4,'추천합니다 집사님'), (150,18,3,4,3,'추천합니다 집사님'),
 (151,18,4,4,5,'좋았어요'), (152,18,5,5,5,'감사해요'), (153,18,4,4,5,'고맙습니다~'), (158,18,4,5,4,'이 집사님 추천해요!'), (159,18,5,5,4,'이 집사님 추천합니다'), (160,18,5,4,5,'추운 날 고생많으셨어요!'),
 (166,18,5,5,4,'다음에 또 만나고 싶어요!'), (167,18,5,4,5,'추천'), (168,18,4,5,5,'계속 이용하겠습니다!'), (169,18,5,5,5,'즐겁고 유익한 시간이었다고 하시네요'), (178,18,4,5,4,'처음 이용해 봤는데 너무 좋았습니다'),
 (179,18,5,5,4,'다음에 또 만나고 싶어요'), (136,18,5,5,5,'대단하십니다!'), (105,27,3,3,3,'할머니가 초보이신데도 잘 가르쳐 주셨어요'), (106,27,3,3,4,'할머니도 좋은 시간을 보내셨다고 하시네요'),
 (107,27,4,3,3,'저도 가르쳐 드리다가 포기했는데..'), (108,27,3,4,3,'감사해요'), (125,27,3,2,2,'추천합니다 집사님'), (126,27,3,3,4,'추천합니다 집사님'),
 (127,27,4,4,4,'좋았어요'), (128,27,4,4,4,'감사해요'), (164,27,4,4,4,'고맙습니다~'), (165,27,5,5,5,'이 집사님 추천해요!'), (105,27,4,5,5,'이 집사님 추천합니다'), (106,27,3,4,4,'추운 날 고생많으셨어요!'),
 (126,27,4,4,4,'다음에 또 만나고 싶어요!'), (127,27,5,5,4,'추천'), (128,27,5,5,5,'계속 이용하겠습니다!'), (107,27,3,3,3,'즐겁고 유익한 시간이었다고 하시네요'), (108,27,3,4,3,'처음 이용해 봤는데 너무 좋았습니다'),
 (109,27,4,3,3,'다음에 또 만나고 싶어요'), (125,27,4,4,4,'대단하십니다!'), (120,37,4,4,4,'편안한 시간을 만들어 주셔서 감사합니다'), (121,37,4,4,4,'근처 사시는 동네 분이시더라고요.'),
 (122,37,4,4,4,'추천합니다 집사님'), (121,37,4,4,4,'좋았어요'), (122,37,3,4,4,'감사해요'), (123,37,3,4,4,'고맙습니다~'), (173,37,4,4,4,'이 집사님 추천해요!'), (174,37,4,5,4,'이 집사님 추천합니다'),
 (175,37,4,4,4,'추운 날 고생많으셨어요!'), (120,37,4,4,4,'다음에 또 만나고 싶어요!'), (131,37,5,5,5,'추천'), (120,37,4,5,5,'계속 이용하겠습니다!'), (132,37,4,4,4,'즐겁고 유익한 시간이었다고 하시네요'),
 (90,37,4,5,4,'처음 이용해 봤는데 너무 좋았습니다'), (91,37,4,4,4,'다음에 또 만나고 싶어요'), (93,37,4,4,4,'대단하십니다!'), (94,37,4,4,5,'추천합니다 집사님'), (120,37,5,4,4,'추천합니다 집사님'),
 (121,37,5,5,5,'좋았어요'), (122,37,4,4,4,'감사해요'), (121,37,5,5,5,'고맙습니다~'), (122,37,5,5,4,'처음 이용해 봤는데 너무 좋았습니다'), (123,37,4,4,4,'다음에 또 만나고 싶어요'), (173,37,5,5,5,'대단하십니다!'),
 (174,37,5,5,4,'추천합니다 집사님'), (175,37,4,5,4,'추천합니다 집사님'), (120,37,5,4,4,'추운 날 고생많으셨어요!'), (131,37,5,5,5,'다음에 또 만나고 싶어요!'), (120,37,5,5,5,'추천'), (132,37,5,5,5,'계속 이용하겠습니다!'),
 (90,37,5,5,5,'즐겁고 유익한 시간이었다고 하시네요'), (91,37,5,5,5,'처음 이용해 봤는데 너무 좋았습니다'), (93,37,5,5,5,'다음에 또 만나고 싶어요'), (94,37,5,5,5,'대단하십니다!'), (69,37,5,5,5,'추천합니다 집사님'),
 (70,37,5,5,5,'추천합니다 집사님'), (173,37,5,5,5,'좋았어요'), (174,37,5,5,5,'감사해요'), (175,37,5,5,5,'고맙습니다~'), (120,37,5,5,5,'처음 이용해 봤는데 너무 좋았습니다'), (75,39,3,3,3,'할아버지가 너무 재밌으셨대요! 또 만나고 싶어요'),
 (92,39,3,3,3,'완전 잘 가르쳐주십니다 추천!!'), (96,39,3,3,3,'고생많으셨습니다~'), (101,39,3,4,3,'추운 날 고생많으셨어요!'), (102,39,4,4,4,'다음에 또 만나고 싶어요!'), (103,39,3,4,3,'추천'), (133,39,3,4,3,'계속 이용하겠습니다!'),
 (134,39,3,3,4,'즐겁고 유익한 시간이었다고 하시네요'), (135,39,4,4,4,'처음 이용해 봤는데 너무 좋았습니다'), (136,39,4,4,3,'다음에 또 만나고 싶어요'), (137,39,4,4,4,'대단하십니다!'), (138,39,4,4,4,'추천합니다 집사님'),
 (141,39,4,4,4,'추천합니다 집사님'), (142,39,4,4,4,'좋았어요'), (145,39,3,4,4,'감사해요'), (146,39,4,3,3,'고맙습니다~'), (150,39,4,4,4,'감사해요'), (151,39,4,5,4,'고맙습니다~'), (152,39,4,4,4,'추천'),
 (153,39,4,4,4,'이 집사님 추천해요!'), (158,39,4,4,4,'이 집사님 추천합니다'), (159,39,5,5,5,'추운 날 고생많으셨어요!'), (160,39,4,4,5,'다음에 또 만나고 싶어요!'), (166,39,5,4,5,'추천'), (167,39,4,5,5,'계속 이용하겠습니다!'),
 (168,39,5,4,4,'즐겁고 유익한 시간이었다고 하시네요'), (169,39,5,5,5,'처음 이용해 봤는데 너무 좋았습니다'), (178,39,5,5,5,'다음에 또 만나고 싶어요'), (179,39,5,5,5,'대단하십니다!'), (101,39,5,5,5,'추천합니다 집사님'),
 (61,54,3,3,3,'뒷정리까지 깔끔하게 해주셔서 좋았어요.'), (72,54,3,3,3,'거의 전문가처럼 알아서 잘 해주시네요~'),
 (73,54,3,4,3,'처음 이용해봤는데 너무 좋네요'), (98,54,3,3,4,'고맙습니다~'), (113,54,4,4,4,'고생많았어요~^'), (95,54,3,2,2,'이 집사님 추천해요!'), (97,54,3,3,2,'이 집사님 추천합니다'),
 (98,54,4,4,3,'추운 날 고생많으셨어요!'), (113,54,3,3,3,'다음에 또 만나고 싶어요!'), (115,54,4,4,4,'추천'), (90,59,3,4,4,'할머니도 편안하게 다녀오셨다고 하시네요'), (91,59,3,4,3,'즐거운 시간이었어요'),
 (93,59,3,3,3,'처음 이용해 봤는데 너무 좋았습니다'), (94,59,3,3,3,'다음에 또 만나고 싶어요'), (69,59,3,3,3,'대단하십니다!'), (70,59,4,3,3,'추천합니다 집사님'), (173,59,3,4,4,'추천합니다 집사님'), (174,59,3,4,4,'좋았어요'),
 (175,59,3,3,3,'감사해요'), (120,59,4,4,4,'고맙습니다~'), (60,60,4,4,4,'와우 힘이 정말 세시네요 감사해요 '), (61,60,3,3,3,'이 집사님 추천해요!'), (72,60,4,4,4,'이 집사님 추천합니다'), (73,60,3,3,3,'추운 날 고생많으셨어요!'),
 (76,60,3,3,3,'다음에 또 만나고 싶어요!'), (77,60,4,3,3,'추천'), (95,60,3,3,4,'계속 이용하겠습니다!'), (97,60,4,3,4,'즐겁고 유익한 시간이었다고 하시네요'), (98,60,3,3,3,'처음 이용해 봤는데 너무 좋았습니다'),
 (113,60,3,3,3,'다음에 또 만나고 싶어요'), (114,61,4,4,4,'대단하십니다!'), (115,61,3,3,3,'추천합니다 집사님'), (124,61,4,3,3,'추천합니다 집사님'), (129,61,3,3,4,'좋았어요'), (130,61,4,4,4,'감사해요'), (95,61,3,3,3,'고맙습니다~'),
 (97,61,3,3,4,'감사해요'), (98,61,4,3,4,'이 집사님 추천해요!'), (113,61,3,4,3,'이 집사님 추천합니다'), (129,61,3,3,3,'추운 날 고생많으셨어요!'), (127,71,3,3,3,'감사합니다. 할머니도 만족하시네요'), (128,71,3,4,4,'오랜 시간 동안 기다려주셔서 감사합니다'),
 (106,71,3,3,3,'계속 이용하겠습니다!'), (107,71,4,4,4,'즐겁고 유익한 시간이었다고 하시네요'), (105,71,3,4,3,'처음 이용해 봤는데 너무 좋았습니다'), (106,71,4,4,3,'다음에 또 만나고 싶어요!'),
 (107,71,4,3,3,'추천'), (108,71,3,4,3,'계속 이용하겠습니다!'), (109,71,3,3,3,'즐겁고 유익한 시간이었다고 하시네요'), (125,71,3,3,3,'처음 이용해 봤는데 너무 좋았습니다'), (126,71,4,4,4,'다음에 또 만나고 싶어요'),
 (127,71,4,4,4,'대단하십니다!'), (128,71,4,4,4,'추천합니다 집사님'), (164,71,4,4,3,'추천합니다 집사님'), (165,71,3,4,4,'좋았어요'), (127,71,4,4,4,'감사해요'), (105,71,4,5,5,'고맙습니다~'), (106,71,5,5,5,'계속 이용하겠습니다!'),
 (107,71,5,5,4,'즐겁고 유익한 시간이었다고 하시네요'), (108,71,4,5,5,'파스타 레시피 나중에 꼭 해먹어 볼께요'), (150,6,4,3,3,'감사합니다'), (151,6,3,3,3,'전문가의 향기가 물씬 납니다~!'),
 (152,6,4,4,4,'고생 많으셨어요~'), (153,23,3,3,3,'멀리 다녀오는데도 너무 친절하시네요'), (158,23,3,4,3,'감사합니다. 고생 많으셨습니다'), (159,23,3,4,4,'추천합니다 집사님'), (160,23,4,4,4,'집사님 다음에 또 뵈어요~'),
 (166,35,3,3,3,'간호사 출신이셔서 전문지식이 풍부하시네요'), (167,35,3,3,3,'감사합니다 고생하셨습니다'), (168,35,3,2,2,'또 만나고 싶어요'), (135,35,3,2,2,'감사해요'), (145,35,1,1,1,'40분 쉬는시간은 너무하지 않나요..');

# 73번 사용자는 60번 헬퍼에게 신고를 남김
UPDATE ROOM SET is_complained = true WHERE room_id = 198;
INSERT INTO COMPLAIN (room_id, content)
VALUES(198, '1시간 산책에서 잠깐 걷고 40분을 앉아서 쉬었다고 하네요..');

# 35번 헬퍼는 블랙리스트가 됨
UPDATE USER SET is_blocked = true WHERE user_id = 35;

# 방만 열려있고, 매칭이 되지 않은 상태의 room은 방 생성 날짜, 서비스 수행 시작날짜, 종료 날짜가 미래로 설정되어 있음
# 방 생성 날짜와 서비스 날짜가 너무 차이나면 안좋을 것 같아서 그렇게 설정함. 날짜 유의할 것, 필요시 조정해서 사용.

# 방만 열고, 알림만 보낸 상태의 ROOM(알림 보낸건 밑에 NOTIFICATION에 있음)
INSERT INTO ROOM (user_id, sub_category_id, content, place, estimate_duration, expectation_pay, room_created_at, expectation_started_at, expectation_ended_at, notification_count)
VALUES(124, 1, '어머니와 함께 행정복지센터에 가서 연금 수령 관련 상담을 받을 분을 찾습니다. 약 2시간 소요될 예정입니다.', '서울시 용산구', 2, 20000, '2024-02-14 01:01:01', '2024-02-19 01:01:01', '2024-02-19 01:01:01', 3),
 (125, 2, '어머니와 함께 특별한 점심 식사를 하실 분을 구합니다. 가까운 일식당에서 약 2시간 소요됩니다.', '서울시 서초구', 2, 20000, '2024-02-14 01:01:01', '2024-02-19 01:01:01', '2024-02-19 01:01:01', 3),
 (126, 5, '어머니와 함께 근처 산책로를 걸으실 분을 구합니다. 대략 1시간 소요될 것으로 예상됩니다.', '서울시 서초구', 1, 10000, '2024-02-14 01:01:01', '2024-02-19 01:01:01', '2024-02-19 01:01:01', 3),
 (165, 8, '어머니와 함께 근교에 있는 유명한 바비큐 집에 가실 분을 찾습니다. 왕복 시간은 약 4시간 입니다.', '서울시 서초구', 4, 40000, '2024-02-14 01:01:01', '2024-02-19 01:01:01', '2024-02-19 01:01:01', 2),
 (166, 10, '어머니를 먼 거리에 있는 치료 센터에 데려다주실 운전기사를 구합니다. 약 8시간 왕복 소요됩니다.', '서울시 강남구', 8, 80000, '2024-02-14 01:01:01', '2024-02-19 01:01:01', '2024-02-19 01:01:01', 3),
 (167, 10, '할머니와 함께 친지 결혼식에 참석하기 위해 먼 거리를 운전해주실 분을 찾습니다. 약 5시간 왕복 소요됩니다.', '서울시 강남구', 5, 50000, '2024-02-14 01:01:01', '2024-02-19 01:01:01', '2024-02-19 01:01:01', 3),
 (168, 12, '할아버지를 산속 휴양지로 모셔다 줄실 분을 찾습니다. 왕복 요금이 지불되며, 7시간 소요됩니다.', '서울시 강남구', 7, 70000, '2024-02-14 01:01:01', '2024-02-19 01:01:01', '2024-02-19 01:01:01', 3),
 (175, 15, '할아버지 댁에서 저녁 식사 후 설거지를 도와주실 분을 구합니다. 약 1시간 소요됩니다.', '서울시 중구', 1, 10000, '2024-02-14 01:01:01', '2024-02-19 01:01:01', '2024-02-19 01:01:01', 3),
 (132, 17, '할아버지 댁에서 서재 조명 교체를 도와주실 분을 구합니다. 약 1시간 소요됩니다.', '서울시 중구', 1, 10000, '2024-02-14 01:01:01', '2024-02-19 01:01:01', '2024-02-19 01:01:01', 3),
 (150, 19, '할머니께 필요한 주방용품을 배달해주실 분을 구합니다. 인근 홈센터에서 구매 후 배달, 약 1시간 소요됩니다.', '서울시 강남구', 1, 10000, '2024-02-14 01:01:01', '2024-02-19 01:01:01', '2024-02-19 01:01:01', 2),
 (151, 21, '할머니 댁으로 겨울 이불과 옷가지를 세탁 후 배달해주실 분을 찾습니다. 대형 세탁물, 약 1시간 소요됩니다.', '서울시 강남구', 1, 10000, '2024-02-14 01:01:01', '2024-02-20 01:01:01', '2024-02-20 01:01:01', 2),
 (136, 23, '할머니와 함께 지역 목욕탕에 가실 분을 찾습니다. 이동 도움 및 목욕 도와주실 분. 약 2시간 소요됩니다.', '서울시 강남구', 2, 20000, '2024-02-15 01:01:01', '2024-02-20 01:01:01', '2024-02-20 01:01:01', 1),
 (137, 33, '할머니께 기초 한글을 가르쳐주실 분을 찾습니다. 초보자 수준으로, 4시간 수업 예정입니다.', '서울시 강남구', 4, 40000, '2024-02-15 01:01:01', '2024-02-20 01:01:01', '2024-02-20 01:01:01', 2),
 (138, 14, '할머니 댁에서 운동복 및 일상복 세탁을 해주실 분을 구합니다. 약 3시간 소요됩니다.', '서울시 강남구', 3, 30000, '2024-02-15 01:01:01', '2024-02-20 01:01:01', '2024-02-20 01:01:01', 3),
 (129, 13, '어머니 댁에서 거실 청소를 도와주실 분을 찾습니다. 약 2시간 소요됩니다.', '서울시 용산구', 2, 20000, '2024-02-15 01:01:01', '2024-02-20 01:01:01', '2024-02-20 01:01:01', 3),
 (130, 16, '어머니 댁에서 서재 가구 재배열을 도와주실 분을 구합니다. 약 3시간 소요됩니다.', '서울시 용산구', 3, 30000, '2024-02-15 01:01:01', '2024-02-20 01:01:01', '2024-02-20 01:01:01', 3),
 (131, 9, '할머니를 대학 병원에서 진행되는 특별한 치료 프로그램에 데려다주실 분을 구합니다. 약 5시간 소요됩니다.', '서울시 중구', 5, 50000, '2024-02-15 01:01:01', '2024-02-20 01:01:01', '2024-02-20 01:01:01', 3),
 (171, 7, '할머니와 함께 은행에 가서 ATM 사용법을 가르쳐 주실 분을 찾습니다. 약 1시간 소요됩니다.', '서울시 송파구', 1, 10000, '2024-02-15 01:01:01', '2024-02-20 01:01:01', '2024-02-20 01:01:01', 3),
 (143, 2, '할아버지와 함께 조용한 아침 식사를 하실 분을 찾습니다. 근처 브런치 카페에서 약 1시간 소요됩니다.', '서울시 송파구', 1, 10000, '2024-02-15 01:01:01', '2024-02-20 01:01:01', '2024-02-20 01:01:01', 3),
 (144, 18, '할머니 댁으로 건강식 점심 배달을 부탁드립니다. 가까운 카페에서 샐러드 등 포장 배달, 약 1시간 소요됩니다.', '서울시 송파구', 1, 10000, '2024-02-15 01:01:01', '2024-02-20 01:01:01', '2024-02-20 01:01:01', 2),
 (146, 19, '할아버지 댁으로 청소용품 등 생활용품 배달을 부탁드립니다. 대형 마트에서 구매 후 배달, 약 2시간 소요됩니다.', '서울시 강남구', 2, 20000, '2024-02-15 01:01:01', '2024-02-20 01:01:01', '2024-02-20 01:01:01', 2);

# 매칭까지 완료된 방의 경우 방 생성 날짜만 과거이고 예상 서비스 수행 시작, 예상 서비스 수행 종료, 매칭 성사일이 모두 미래로 설정되어있음.
# 이 경우에도 마찬가지로 필요시 조정해서 사용할 것(매칭이 되지 않은 경우보다는 근시일 이내에 서비스 하도록 되어 있음).

# 매칭이 완료된 상태의 내역(ROOM, NOTIFICATION 내역 작성, 편의상 notification 받은 집사 중에 한명이 바로 수락한걸 전제로 작성함)
INSERT INTO ROOM (user_id, zipsa_id, sub_category_id, content, place, estimate_duration, expectation_pay, room_created_at, expectation_started_at, expectation_ended_at, match_created_at, notification_count, status)
VALUES(147, 8, 23, '할아버지와 함께 근처 목욕탕을 방문하실 분을 구합니다. 편안한 목욕 시간을 보낼 수 있도록 도와주실 분. 대략 3시간 정도 소요될 것으로 예상됩니다.', '서울시 서초구', 3, 36000, '2024-02-11 01:01:01', '2024-02-16 01:01:01', '2024-02-17 01:01:01', '2024-02-16 01:01:01', 1, 'BEFORE'),
 (148, 8, 24, '할아버지 집에서 목욕을 도와주실 분을 구합니다. 목욕 준비와 도움이 필요합니다. 대략 1시간 소요될 것으로 예상됩니다.', '서울시 서초구', 1, 12000, '2024-02-11 01:01:01', '2024-02-16 01:01:01', '2024-02-17 01:01:01', '2024-02-16 01:01:01', 1, 'BEFORE'),
 (149, 3, 38, '할머니께서 가고 싶어하시는 국악 공연 티켓을 예매해주실 분을 찾습니다. 온라인 예매 경험이 필요합니다. 대략 1시간 소요됩니다.', '서울시 광진구', 1, 10000, '2024-02-11 01:01:01', '2024-02-16 01:01:01', '2024-02-17 01:01:01', '2024-02-16 01:01:01', 1, 'BEFORE'),
 (127, 8, 20, '할머니 댁으로 필요한 공문서 우편물을 배달해주실 분을 찾습니다. 정부 기관 및 은행에서 우편물 수령 후 배달, 약 1시간 소요됩니다.', '서울시 서초구', 1, 12000, '2024-02-11 01:01:01', '2024-02-16 01:01:01', '2024-02-17 01:01:01', '2024-02-16 01:01:01', 1, 'BEFORE'),
 (128, 27, 7, '할아버지와 함께 은행에 가서 정기 예금을 해지하실 분을 구합니다. 약 2시간 소요됩니다.', '서울시 서초구', 2, 24000, '2024-02-11 01:01:01', '2024-02-16 01:01:01', '2024-02-17 01:01:01', '2024-02-16 01:01:01', 2, 'BEFORE'),
 (133, 23, 8, '할머니와 함께 멀리 있는 소문난 치킨집에 다녀오실 분을 구합니다. 여행 시간은 대략 3시간 예상됩니다.', '서울시 강남구', 3, 30000, '2024-02-11 01:01:01', '2024-02-16 01:01:01', '2024-02-17 01:01:01', '2024-02-16 01:01:01', 3, 'BEFORE'),
 (134, 39, 33, '할아버지를 위해 쉬운 한글 독서를 도와주실 분을 구합니다. 3시간 수업 예상합니다.', '서울시 강남구', 3, 39000, '2024-02-11 01:01:01', '2024-02-16 01:01:01', '2024-02-17 01:01:01', '2024-02-16 01:01:01', 2, 'BEFORE'),
 (135, 18, 20, '할아버지 집에 긴급한 우편물을 배달해주실 분을 구합니다. 다수의 우편물을 빠르게 배달, 약 2시간 소요됩니다.', '서울시 강남구', 2, 26000, '2024-02-11 01:01:01', '2024-02-16 01:01:01', '2024-02-17 01:01:01', '2024-02-16 01:01:01', 2, 'BEFORE'),
 (172, 7, 9, '할아버지와 함께 대학 병원의 전문가 상담을 위해 방문하실 분을 찾습니다. 약 4시간 소요됩니다.', '서울시 송파구', 4, 44000, '2024-02-11 01:01:01', '2024-02-16 01:01:01', '2024-02-17 01:01:01', '2024-02-16 01:01:01', 3, 'BEFORE'),
 (173, 36, 30, '할아버지 댁의 반려묘를 깨끗하게 씻겨주실 분을 찾습니다. 약 1시간 소요됩니다.', '서울시 중구', 1, 10000, '2024-02-11 01:01:01', '2024-02-16 01:01:01', '2024-02-17 01:01:01', '2024-02-16 01:01:01', 1, 'BEFORE'),
 (174, 36, 31, '할머니 댁의 강아지 미용을 도와주실 분을 찾고 있습니다. 털 깎기와 스타일링, 약 2시간 소요됩니다.', '서울시 중구', 2, 20000, '2024-02-11 01:01:01', '2024-02-16 01:01:01', '2024-02-17 01:01:01', '2024-02-16 01:01:01', 1, 'BEFORE'),
 (176, 52, 9, '어머니를 대학 병원에서의 중요한 검사에 데려다주실 분을 구합니다. 약 6시간 소요됩니다.', '서울시 송파구', 6, 60000, '2024-02-11 01:01:01', '2024-02-16 01:01:01', '2024-02-17 01:01:01', '2024-02-16 01:01:01', 3, 'BEFORE'),
 (177, 86, 4, '어머니와 함께 근처 병원에 간단한 검사를 받으러 가실 분을 구합니다. 약 1시간 소요됩니다.', '서울시 송파구', 1, 10000, '2024-02-11 01:01:01', '2024-02-16 01:01:01', '2024-02-17 01:01:01', '2024-02-16 01:01:01', 3, 'BEFORE'),
 (178, 15, 1, '할아버지와 함께 복지 카드 발급을 위해 행정복지센터에 방문하실 분을 구합니다. 약 1시간 소요 예상합니다.', '서울시 강남구', 1, 10000, '2024-02-11 01:01:01', '2024-02-16 01:01:01', '2024-02-17 01:01:01', '2024-02-16 01:01:01', 4, 'BEFORE'),
 (162, 86, 24, '어머니 댁에서 안전하게 목욕을 할 수 있도록 도와주실 분을 찾고 있습니다. 약 2시간 소요될 예정입니다.', '서울시 송파구', 2, 20000, '2024-02-11 01:01:01', '2024-02-16 01:01:01', '2024-02-17 01:01:01', '2024-02-16 01:01:01', 1, 'BEFORE'),
 (163, 85, 1, '할머니와 함께 행정복지센터에 가서 장애인 복지 혜택 관련 상담을 받을 분을 찾습니다. 대략 1시간 소요됩니다.', '서울시 송파구', 1, 10000, '2024-02-12 01:01:01', '2024-02-16 01:01:01', '2024-02-17 01:01:01', '2024-02-16 01:01:01', 2, 'BEFORE'),
 (164, 71, 2, '어머니와 함께 점심 식사를 할 수 있는 분을 찾습니다. 가까운 카페에서 약 1시간 소요됩니다.', '서울시 서초구', 1, 12000, '2024-02-12 01:01:01', '2024-02-16 01:01:01', '2024-02-17 01:01:01', '2024-02-16 01:01:01', 2, 'BEFORE'),
 (156, 86, 24, '할아버지를 위해 집에서 안전한 목욕을 도와주실 분을 찾습니다. 약 2시간 소요됩니다.', '서울시 송파구', 2, 20000, '2024-02-12 01:01:01', '2024-02-16 01:01:01', '2024-02-17 01:01:01', '2024-02-16 01:01:01', 1, 'BEFORE'),
 (157, 52, 5, '할아버지와 함께 아름다운 호수 공원을 산책하실 분을 찾습니다. 약 2시간 소요됩니다.', '서울시 송파구', 2, 20000, '2024-02-12 01:01:01', '2024-02-17 01:01:01', '2024-02-18 01:01:01', '2024-02-17 01:01:01', 3, 'BEFORE'),
 (159, 39, 39, '할아버지 댁에서 옷과 생활용품을 택배로 보내드릴 분을 구합니다. 신속한 포장과 접수. 약 1시간 소요됩니다.', '서울시 강남구', 1, 13000, '2024-02-12 01:01:01', '2024-02-17 01:01:01', '2024-02-18 01:01:01', '2024-02-17 01:01:01', 3, 'BEFORE'),
 (160, 15, 33, '어머니께서 한글을 배우고 싶어 하십니다. 기본적인 읽기와 쓰기를 가르쳐주실 분, 4시간 예정입니다.', '서울시 강남구', 4, 40000, '2024-02-12 01:01:01', '2024-02-17 01:01:01', '2024-02-18 01:01:01', '2024-02-17 01:01:01', 2, 'BEFORE'),
 (169, 23, 4, '할머니와 함께 병원에 예방 접종을 받으러 가실 분을 찾습니다. 약 2시간 소요될 것으로 예상됩니다.', '서울시 강남구', 2, 20000, '2024-02-12 01:01:01', '2024-02-17 01:01:01', '2024-02-18 01:01:01', '2024-02-17 01:01:01', 3, 'BEFORE'),
 (170, 52, 2, '할아버지와 함께 저녁 약속을 잡으실 분을 구합니다. 인근 스테이크하우스에서 약 2시간 소요됩니다.', '서울시 송파구', 2, 20000, '2024-02-12 01:01:01', '2024-02-17 01:01:01', '2024-02-18 01:01:01', '2024-02-17 01:01:01', 3, 'BEFORE'),
 (139, 7, 6, '할아버지와 함께 미용실에 방문하여 헤어 스타일링과 이발을 도와주실 분을 구합니다. 약 2시간 소요됩니다.', '서울시 송파구', 2, 22000, '2024-02-12 01:01:01', '2024-02-17 01:01:01', '2024-02-18 01:01:01', '2024-02-17 01:01:01', 3, 'BEFORE'),
 (140, 32, 7, '어머니와 함께 은행에 방문하여 연금 수령 방법을 상담하실 분을 구합니다. 약 2시간 소요될 것으로 예상됩니다.', '서울시 강남구', 2, 20000, '2024-02-12 01:01:01', '2024-02-17 01:01:01', '2024-02-18 01:01:01', '2024-02-17 01:01:01', 3, 'BEFORE'),
 (141, 39, 40, '어머니께 온라인 교육 프로그램 등록을 도와주실 분을 구합니다. 인터넷 사용법과 등록 절차 안내, 약 2시간 소요됩니다.', '서울시 강남구', 2, 26000, '2024-02-12 01:01:01', '2024-02-17 01:01:01', '2024-02-18 01:01:01', '2024-02-17 01:01:01', 1, 'BEFORE'),
 (142, 15, 2, '할아버지와 함께 분위기 있는 이탈리안 레스토랑에 가서 식사를 함께했으면 합니다. 왕복 4시간 정도 소요될 예정입니다.', '서울시 강남구', 4, 40000, '2024-02-12 01:01:01', '2024-02-17 01:01:01', '2024-02-18 01:01:01', '2024-02-17 01:01:01', 3, 'BEFORE'),
 (179, 39, 40, '할아버지 댁에서 온라인으로 공과금을 납부하실 분을 찾습니다. 인터넷 사용과 결제 과정 도움, 약 1시간 소요됩니다.', '서울시 강남구', 1, 13000, '2024-02-12 01:01:01', '2024-02-17 01:01:01', '2024-02-18 01:01:01', '2024-02-17 01:01:01', 1, 'BEFORE'),
 (180, 3, 38, '할아버지와 함께 갈 콘서트 티켓을 예매해주실 분을 찾습니다. 좋은 좌석 선택이 필요합니다. 약 1시간 소요됩니다.', '서울시 광진구', 1, 10000, '2024-02-12 01:01:01', '2024-02-17 01:01:01', '2024-02-18 01:01:01', '2024-02-17 01:01:01', 1, 'BEFORE'),
 (145, 6, 29, '할아버지 댁의 강아지를 정기 검진을 위해 동물병원에 데려다 줄 분을 구합니다. 왕복 3시간 소요됩니다.', '서울시 강남구', 3, 30000, '2024-02-12 01:01:01', '2024-02-17 01:01:01', '2024-02-18 01:01:01', '2024-02-17 01:01:01', 2, 'BEFORE'),
 (153, 15, 37, '어머니와 함께 모바일 퍼즐 게임을 배울 수 있는 분을 찾습니다. 3시간.', '서울시 강남구', 3, 30000, '2024-02-12 01:01:01', '2024-02-17 01:01:01', '2024-02-18 01:01:01', '2024-02-17 01:01:01', 2, 'BEFORE'),
 (154, 3, 38, '할아버지와 함께 갈 열차표를 예매해주실 분을 구합니다. 특정 시간과 좌석 선택이 필요합니다. 약 1시간 소요됩니다.', '서울시 광진구', 1, 10000, '2024-02-12 01:01:01', '2024-02-17 01:01:01', '2024-02-18 01:01:01', '2024-02-17 01:01:01', 1, 'BEFORE'),
 (155, 11, 1, '어머니와 함께 행정복지센터에 가서 노인 복지 프로그램에 등록하실 분을 구합니다. 약 2시간 소요될 것으로 예상됩니다.', '서울시 광진구', 2, 20000, '2024-02-12 01:01:01', '2024-02-17 01:01:01', '2024-02-18 01:01:01', '2024-02-17 01:01:01', 2, 'BEFORE');

# 알림이 보내진 내역(아직 수락/거절을 하지 않음)
INSERT INTO NOTIFICATION (send_id, receive_id, room_id)
VALUES (124, 53, 253), (124, 54, 253), (124, 60, 253), (125, 8, 254), (125, 27, 254), (125, 71, 254), (126, 8, 255), (126, 27, 255), (126, 71, 255), (165, 27, 256), (165, 71, 256),
 (124, 53, 253), (124, 54, 253), (124, 60, 253), (125, 8, 254), (125, 27, 254), (125, 71, 254), (126, 8, 255), (126, 27, 255), (126, 71, 255), (165, 27, 256), (165, 71, 256),
 (166, 18, 257), (166, 23, 257), (166, 25, 257), (167, 18, 258), (167, 23, 258), (167, 25, 258), (168, 18, 259), (168, 23, 259), (168, 25, 259), (175, 2, 260), (175, 37, 260), (175, 69, 260),
 (132, 2, 261), (132, 37, 261), (132, 69, 261), (150, 18, 262), (150, 35, 262), (151, 18, 263), (151, 35, 263), (136, 32, 264), (137, 15, 265), (137, 39, 265),
 (138, 23, 266), (132, 25, 266), (132, 32, 266), (129, 53, 267), (129, 54, 267), (129, 60, 267), (130, 53, 268), (130, 54, 268), (130, 60, 268), (131, 2, 269), (131, 37, 269), (131, 69, 269),
 (171, 7, 270), (171, 52, 270), (171, 86, 270), (143, 7, 271), (143, 52, 271), (143, 86, 271), (144, 16, 272), (144, 26, 272), (146, 18, 273), (146, 35, 273);

# 집사가 사용자의 요청을 수락함
UPDATE NOTIFICATION
SET is_read = true, status = 'ACCEPT'
WHERE room_id BETWEEN 274 AND 306;

